email_index,priority,reasoning
1,1,"No actionable request, appears to be spam"
2,1,"Just a thank you note, no action required"
4,1,Informational reminder about a training workshop
5,2,Requires a response to discuss settlement implications
7,1,Promotional spam with no required action
8,1,"Informational newsletter, no action required"
9,1,"Informational email about meetings, no immediate action required"
10,1,"Just a clarification request, no urgent action needed"
12,1,Informational news with no required action
13,1,It's an informational newsletter with no required action
14,2,"User requests removal from mailing list, requires action but not urgent"
15,2,Requires response but not urgent
17,1,Informal comment with no required action
18,1,Informational forward with no clear action required
19,1,"Spam advertisement, no action required"
20,2,Needs a friendly reply but not urgent
21,1,"Provides info, no action required"
23,1,Promotional spam with no required action
24,1,Donation solicitation with no urgent action required
25,2,"User requests confirmation and document generation, needing a response but not urgent"
26,1,"Promotional event announcement, no action required"
27,1,Informational update with no immediate action required
28,2,Needs clarification response but not urgent
29,1,Informational note with no urgent action required
30,1,Informational update about job posting with no immediate action required
31,1,Informational newsletter with no required action
34,2,Requires action on confirmation format but not urgent
35,1,"Informational forward about a future event, no action required"
36,1,Informational newsletter with no actionable request
38,1,"Informational newsletter, no action required"
39,1,"No actionable request, appears to be spam"
40,1,Email contains only a brief comment with no actionable request
41,2,Request to remove a contact from mailing lists requires action but is not urgent
42,2,Needs a timely response about tomorrow's travel plans
43,2,Requires a prompt response to address unexpected weekend conflicts
44,1,"Thank you note, no action required"
45,1,Informational email with no action required
46,1,Informational thank-you email with no required action
48,2,Sender asks for a response but no urgency indicated
50,1,Simple confirmation with no further action required
51,1,"Promotional travel offer, no immediate action required"
52,2,Needs clarification on development fee with accountants
53,1,"No actionable request, informational only"
54,2,Requires action before the October 26 deadline
56,1,"Informational security update, no action required"
57,1,Informational update with no required action
59,1,"Casual inquiry about resume, no urgent action required"
60,1,"Promotional content, no action required"
61,1,Email contains only informational news with no required action
62,2,Scheduling availability requires a response but is not urgent
63,1,Informational forward with no required action
64,1,"Informational list of articles, no action required"
65,1,"Informational conference announcement, no action required"
66,2,Request for document requires a response and action
67,1,Acknowledgment with no action required
68,1,"Email confirms a scheduled meeting, no further action required"
69,1,Promotional conference announcement with no required action
70,1,"Spam advertisement, no action required"
71,1,"Promotional spam, no action required"
72,1,Informational announcement with no required action
73,1,Informational message with no action required
74,1,Informational email with no clear action required
75,2,Needs response to confirm meeting availability
76,1,Informational content with no actionable request
77,2,Follow-up email requires a response but is not urgent
78,1,The email only confirms availability and requires no further action
79,1,"Promotional marketing email, no action required"
80,1,"Informational newsletter, no action required"
81,2,"Needs response to coordinate a meeting, but not urgent"
83,1,Promotional spam with no required action
85,2,Requires user response but not urgent
86,2,General delegation request without urgency
88,1,"Informational tip, no action required"
89,1,Promotional spam with no required action
90,2,Sender is resending an attachment and likely expects a response
91,1,Informational FYI with no action required
92,1,"Forwarded informational email, no action required"
93,2,Needs clarification response but not urgent
94,1,"Promotional spam, no action needed"
95,1,Informational event reminder with no required response
96,3,Potential virus alert requires immediate attention
97,1,Informational newsletter with no required action
98,1,Email appears to be informational with no clear action required
99,1,Informational announcement with no required action
100,1,"Forwarded email lacks actionable request, likely informational"
101,2,Decision needed on co-chair role
102,1,"Informational news article, no action required"
104,1,"Informational announcement about a print sale, no action required"
105,2,Request for action but no urgent deadline
106,2,"Request for program details and inquiry, requires response but not urgent"
107,1,"Informational travel reminder, no response required"
108,1,"Promotional spam, no action required"
110,2,Data request needs response but no urgent deadline
111,2,"Invitation to go kayaking, needs a reply but not urgent"
115,2,Suggestion requires a response but is not urgent
117,1,Forwarded message appears informational with no clear action required
118,1,"Spam promotional email, no action needed"
119,1,Promotional email with no required action
120,1,Informational update about a Senate hearing
121,1,"Promotional content, no action required"
123,1,"Promotional travel deals, no action required"
124,1,FYI informational update with no required action
125,1,Marketing newsletter with no required action
126,1,"Informational announcement about a bowling event, no urgent action required"
127,2,"Request for fax machine selection, needs a response but not urgent"
128,3,Urgent deadline requires immediate timesheet approval
129,1,"Informational newsletter, no action needed"
130,1,Informational forward with no required action
131,1,"Friendly update, no action needed"
132,2,Contains a request for action but no urgent deadline
133,1,"Contains only news updates, no action required"
134,3,Deadline requires action by Oct 26
135,1,"Informational conference announcement, no action required"
138,1,Forwarded email appears informational with no clear action required
140,1,"Informational weekly report, no action required"
141,2,Needs response to discuss trip plans
143,2,Needs coordination for release schedule
145,1,Email contains no actionable request or urgent information
146,1,"Informational email about billing assumptions, no action required"
147,1,"Informational sports update, no action required"
148,1,Informational update with no required action
149,2,Contains actionable concern about production estimates
150,1,Informational email about a domain change
151,2,Follow-up on pending action items requires a response
152,1,Promotional email with no required action
153,1,"Contains only forwarded content and advertisement, no actionable request"
155,1,"Informational newsletter, no action required"
156,2,Request for payment reminder by Monday
157,1,Forwarded image with no actionable request
158,1,"Promotional spam, no action required"
159,2,"Request for ideas and assistance, not time-sensitive"
160,2,Schedule confirmation and coordination needed
161,2,Upgrade announcement contains deadlines requiring user action
162,1,Promotional spam with no required action
164,3,Potential terrorist threat requires immediate attention
165,1,Informational marketing content with no required action
166,2,Needs correction before Friday deadline
167,1,"Informational newsletter, no action required"
168,1,"Informational newsletter, no action required"
169,2,The email requests a response regarding the eCommerce working group
171,1,It's a newsletter with no actionable request
172,2,Needs response to confirm title
173,1,It's an informational newsletter with no required action
174,1,"Promotional spam, no action required"
175,2,Question about account application details requires a response
176,2,Requires timely response to meet voting deadline
177,2,Needs response and discussion before Friday deadline
178,1,Clarification with no required action
179,3,Medical alert indicates urgent attention
180,1,Informal message with no actionable request
181,1,Spam advertisement with no actionable request
182,1,Email contains only news snippets with no actionable request
184,1,Informational daily report with no required action
185,2,Needs coordination to handle incoming pipeline inquiries
186,3,Schedule download failed and requires immediate manual intervention
187,1,Informational news with no required action
188,2,Request asks for a response but has no urgent deadline
189,1,"Informational news summary, no action required"
190,1,Contains responses and no urgent action required
191,1,Email confirms bug fix and requires no further action
193,1,The email contains a joke and requires no action
194,1,Informational news update with no required action
195,1,Forwarded personal email with no actionable request
196,1,"Email contains no actionable request, only a comment"
197,1,"Informational news digest, no action needed"
198,1,"Informational invitation, no action required"
199,1,"Informational newsletter, no action required"
200,2,Request for a change but no urgent deadline
201,2,Needs to invite a person but not urgent
204,1,"Email contains no actionable request, only commentary"
205,1,Informational update with no required action
206,1,"Promotional ticket offer, no urgent action required"
207,3,Meeting scheduled for today requires immediate attention
208,1,Informational content with no required action
209,2,Contains a question needing a response but not urgent
210,1,Informational news with no required action
212,1,"Order confirmation email, no action needed"
213,1,"Informational update about proposals, no immediate action needed"
216,2,Requires a response but not urgent
217,3,Urgent due diligence required for closing
218,1,FYI message with no required action
220,1,Promotional email with no required action
221,1,"Sender explicitly asks to ignore, no action required"
222,1,"Spam advertisement, no action required"
223,1,"Promotional seminar announcement, no action required"
224,1,Informational newsletter with no required action
226,1,Informational email with no urgent action required
227,2,Needs acknowledgment and accounting update but not urgent
228,2,Request for clarification on cost estimates requiring a response
229,1,"Informational newsletter, no action required"
230,1,"Bounce notification, no action required"
232,1,"Promotional deal alert, no action required"
234,1,Promotional reward email with no required action
235,1,"Informational forward about a party, no action required"
236,3,Urgent request for an immediate phone call
237,1,"Newsletter with stock info, no action required"
238,1,"Informational newsletter, no action required"
239,2,Request for response but no urgent deadline
240,1,"Informational registration confirmation, no action required"
241,1,"No actionable request, just a scheduling note"
242,1,Promotional email with no required action
243,1,Informational announcement with no required action
244,1,Forwarded informational email with no clear action required
245,2,"Meeting request to debrief, needs response but not urgent"
246,1,Spam marketing email with no actionable request
247,3,Pending legal approvals for many entities require urgent action
248,1,Promotional email with no required action
250,1,The email is a forwarded message with no clear action required
251,2,Needs response to confirm remote attendance
252,1,"Just a thank‑you note, no action required"
254,2,"Sender indicates unavailability and suggests meeting proceed, requiring response"
255,2,Technical issue requiring clarification but not urgent
256,1,"Just a suggestion, no action required"
258,1,Informational reminder with no required response
259,2,Social invitation that needs a reply but is not urgent
260,1,"Informational stock news alert, no action required"
261,1,No actionable request or urgency identified
262,1,The email is an informational archive log with no actionable request
263,1,"Informational newsletter, no action required"
264,1,"Email provides information only, no action required"
265,1,Informational update with no required action
266,1,Sarcastic comment with no clear actionable request
267,1,"Informational newsletter, no action required"
268,1,Informal message with no clear action required
269,1,Informational forward about a past meeting with no action required
270,1,"Informational announcement, no action required"
271,1,Informational announcement with no action required
272,2,Requires a response but not urgent
273,1,Informational announcement with no required action
274,1,"Informational news about hearings, no action required"
275,2,Requires response to address listed document issues
276,1,Informational FYI with no action required
277,1,Informational devotional message with no required action
278,1,Informational newsletter with no required action
284,1,Informational FYI with no required action
286,2,Needs a timely response to confirm meeting time
287,1,"Informational newsletter, no action required"
288,2,Needs clarification on deal ownership and response
289,2,Requires a response but not urgent
290,1,"Spam promotional email, no action needed"
291,1,Casual forward with no required action
293,1,Content is non-urgent and informational
294,1,"Promotional email, no action needed"
295,2,Needs response to review quotes before tomorrow
296,1,It's a press release with no actionable request
297,3,Press conference notice for today requires immediate attention
298,1,The email only contains a thank you and no actionable request
299,1,"Informational update, no action required"
300,1,"Informational comment, no action required"
301,1,"Informational newsletter, no action required"
302,1,"Informational update, no immediate action needed"
304,2,Requires action to pack boxes by a specific date
305,1,The email provides an informational update with no clear action required
306,1,Promotional content with no action required
309,1,"Spam promotional email, no action needed"
311,1,"No clear request or urgency, appears informational"
312,1,Informational clarification with no urgent action required
313,1,Email is informal with no clear actionable request
314,1,"Promotional spam, no action required"
315,2,Requires arranging a replacement but not urgent
316,3,Urgent request to set up a call today
317,1,"Friendly social invitation, no urgent action required"
318,1,It's an informational newsletter with no required action
319,2,Meeting request requires timely response
320,1,Informational email with no action required
321,1,The email appears to be a forwarded message with no clear request or urgency
323,1,Promotional spam with no actionable request
324,3,Urgent agenda for today's conference call requires immediate attention
325,1,"Informational announcement, no action required"
328,3,Schedule download failed and requires immediate manual intervention
329,1,"Marketing email, no action required"
330,1,"Sender states there is no hurry, indicating low priority"
331,1,"Promotional email, no action required"
332,2,Provides feedback requiring revisions but not urgent
333,1,Simple forwarded message with no clear action required
334,1,"Promotional event invitation, no action required"
335,1,"Promotional fare sale alert, no urgent action required"
336,1,Informational forward with no action required
337,2,Request for document revisions requiring a response but no urgent deadline
338,2,Request for access needs a response but is not urgent
339,2,Requires a response but not urgent
340,1,"Informational hoax notice, no action required"
341,3,Bill must be paid by COB 11/27 to avoid loss of market participation
342,1,"Contains only press materials, no action required"
343,3,Subject marked urgent and asks for clarification requiring immediate attention
344,1,The email contains only a brief comment with no actionable request
345,2,Provides updated tracking document requiring review
347,1,Email is a brief thank you with no required action
348,2,"Request to discuss agreement, requires response but not urgent"
349,2,Request for clarification requires a response but is not urgent
350,1,Contains only product details with no clear request
351,2,Needs review and comments under time constraints
352,1,"Informational news summary, no action required"
353,3,Contains sensitive credentials requiring immediate action
354,1,"Informational newsletter, no action required"
356,1,Email contains only contact info and a forwarded header with no actionable request
357,2,Contains a request for assistance but no immediate deadline
358,1,"Promotional travel deal email, no action required"
359,1,Informational update with no required action
360,1,Vague request with no clear action or urgency
361,1,"Promotional spam, no action required"
362,3,Meeting request for tomorrow requires immediate attention
363,1,Informational update about meeting schedule
364,1,Informational forward with no urgent action required
365,2,Follow-up on legal claim discussion requires a response
366,1,Email is informational with no clear action required
367,1,"Informational thank‑you, no action required"
369,2,"Request to resend email, requires action but not urgent"
370,1,Informational email with no required action
371,1,"Provides schedule information, no action required"
372,1,FYI message with no required action
373,1,Promotional event invitation with no urgent action required
375,2,Performance feedback request requires response
376,1,No urgent request or action needed
377,1,"Informational newsletter, no action required"
378,3,Need slides prepared by Wednesday morning
379,1,"Informational news, no action needed"
380,2,"Request for information about a deal, needs a response but not urgent"
382,1,Informational forward with no action required
383,1,Friendly catch‑up email with no actionable request
384,1,FYI update with no action required
385,2,Requires a response but not urgent
386,2,Needs coordination and response but no immediate deadline
387,1,"Unsolicited promotional email, no action required"
388,1,Heads-up with no actionable request
389,2,"User requests electronic documents, needs a response but not urgent"
390,2,Requires clarification response but not urgent
391,2,Invitation requires a response but is not urgent
392,2,Request requires assistance to finalize approval
394,2,"Needs clarification about Dave's involvement, requires a response"
395,1,"Informational update confirming the dog is safe, no action needed"
396,1,"Promotional newsletter, no action required"
397,2,"Request for review and coordination, but not urgent"
398,1,Promotional coupon email with no urgent action required
399,2,Requires action on approvals and scheduling
400,1,Newsletter with no action required
401,1,Vague informal greeting with no actionable content
402,3,Potential market manipulation allegation requires immediate investigation
404,2,Requires a response to adjust hotel room assignments
405,1,Informational forward with no action required
406,2,Requires response but not urgent
407,2,"Request to print documents, requires action but not urgent"
408,2,"Request to forward a message, needs action but not urgent"
409,1,Informational update with no required action
410,2,Business partnership proposal requiring a response
412,1,"Informational notice about travel, no action needed"
413,1,Promotional invitation with no required action
415,1,"Promotional email with past deadline, no immediate action required"
416,1,Forwarded joke email with no actionable request
417,1,The email is a forwarded informational message with no clear action required
418,2,Requires legal coordination to decide on contract suspension
419,1,Informational email with no required action
420,3,Urgent financial/legal update requiring immediate attention
421,3,Urgent request for draft needed ASAP
422,1,"Promotional advertisement, no action required"
423,3,Urgent scheduling needed to avoid missing April deadline
424,2,Invitation requires RSVP but not urgent
426,1,"Informational daily summary, no action required"
427,1,Promotional spam with no actionable request
428,2,The email asks a question that requires a response
429,1,Informational guidance with no urgent action needed
430,1,Informational reply with no required action
431,1,"Informal casual request, no urgent action needed"
432,1,"Agenda is informational, no immediate action required"
434,2,Requires response to discuss draft order
435,1,"Informational alert about rate increase, no action required"
436,2,Requires a response to address contractual obligations
437,2,Request for contact information requires a response but is not urgent
439,1,"Informational stock news alert, no immediate action required"
440,1,"Spam advertisement, no action required"
441,1,Informational email with no action required
442,1,"Product announcement, no action needed"
443,2,Contains upcoming conference call details that need preparation
444,3,Potential personal safety threat requiring immediate attention
445,1,"Informational travel update, no action required"
448,1,Forwarded informational email with no clear action required
449,1,"Informational news broadcast, no action required"
450,1,Informal update with no required action
451,2,"Email contains a request to review a thesis, requiring a response but not urgent"
452,1,"Informational update about participant unavailability, no action needed"
453,2,"The email asks for a decision on meetings, requiring a response but not urgent"
454,2,Request to prepare a draft schedule requires a response
455,1,Informal update with no urgent action required
456,2,Needs clarification and response but not urgent
457,1,"Informational newsletter, no action required"
458,2,"Request for document review and proposed changes, requires a response but not urgent"
459,1,"Informational news about Enron, no action required"
460,1,The email is a forwarded informational note with no clear action required
461,1,"Informational list of articles, no action required"
462,1,Informational update with no immediate action required
463,1,Informational update with no required action
464,2,Request for detailed breakdown requires a response but is not urgent
465,3,Urgent operational request for gas movement today
467,2,Request to reissue a document requires a response
468,2,Needs clarification on attendee inclusion
469,1,Informational reply with no urgent action needed
470,1,Informational update with no urgent action required
471,1,"Promotional daily verse email, no action required"
472,1,Promotional spam with no required action
474,1,Promotional email with no required action
475,1,Informational FYI with no immediate action required
476,2,Request for transaction documents needs a response but no urgent deadline
477,1,No actionable request or content present
479,1,"Spam promotional content, no action required"
480,2,Needs a response but not time-sensitive
481,1,Informational forward with no action required
482,1,"Promotional email, no action required"
483,2,Requires response to confirm attendance before the scheduled call
484,2,Needs a response to assign reviewer before submission
485,1,"Informational newsletter, no action required"
486,2,Job application needs a response but is not urgent
487,1,Informational email with no required action
488,2,Request for comments and meeting scheduling
489,1,Email is informational about a past event with no required action
490,1,Informational update with no required action
491,1,Informational FYI with no required action
492,2,Request to coordinate negotiation requires a response
493,1,Promotional email with no required action
494,3,Meeting scheduled for tomorrow requires immediate attention
496,3,Harassing language requires immediate attention
497,1,"Informational update about volume change, no action required"
498,1,Informational FYI with no action required
499,1,"Informational, no action needed"
500,1,Informational welcome message with no required action
501,3,HourAhead schedule download failed requiring immediate manual intervention
502,1,Spam content with no actionable request
504,2,Needs response to address resource allocation and exposure concerns
506,1,Informational update with no required action
507,2,Needs scheduling confirmation for upcoming dates
508,1,Email is informational and does not require urgent action
509,1,"No actionable request, just a casual comment"
510,1,Promotional email with no urgent action required
511,1,The email is an informational update with no immediate action required
512,1,Informational email with no required action
513,1,Unsolicited message with no actionable request
514,1,Promotional spam with no required action
515,1,"Informational update, no action required"
516,1,"Informational receipt, no action required"
517,2,Request for legal opinion requires a response but is not urgent
519,1,Informational event announcement with no required action
520,1,Email is spam advertisement with no actionable request
521,1,Promotional conference announcement with no required action
522,3,Schedule download failed and needs immediate manual intervention
523,1,Informational market update with no required action
524,1,Informational newsletter with no required action
525,1,Marketing newsletter with no required action
526,1,"Promotional trial expiration notice, no urgent action required"
528,2,"Sender shares personal issue and may need a response, but no urgent deadline"
529,3,Urgent deadline requires immediate action
530,1,Forwarded message appears informational with no clear action required
531,2,"Request to evaluate a distribution service, needs a response but not urgent"
533,1,Informational news with no required action
534,1,"Informational newsletter, no action required"
535,1,Informational comment with no required action
536,1,"Spam email about credit, no action needed"
537,3,Event details for tonight require immediate response
538,1,"Provides schedule information only, no action required"
539,1,"Informational conference announcement, no action required"
540,1,Forwarded chain appears to be spam with no actionable request
541,1,Informational invitation with no urgent action required
543,2,Requires clarification response but not urgent
544,1,Informational email with no urgent action required
545,1,Promotional newsletter with no actionable request
546,1,"Promotional travel deal email, no action required"
547,1,"Informational update about settlement filing, no action required"
549,2,"Request for information, needs a response"
550,1,"Informational health tip, no action required"
552,1,Informational update with no required action
553,1,Generic forwarded warning without actionable request
554,2,Schedule change requires attendees to adjust plans
555,2,Request for comments by Monday
556,1,"Just an update, no immediate action required"
557,2,"Requires a response to arrange a lunch date, but not urgent"
558,2,"The sender asks for information, requiring a response but not urgent"
559,1,Email contains only headers with no clear actionable request
560,1,"Provides meeting call-in details, no action required"
561,3,Schedule download failed and requires immediate manual intervention
563,1,"Informational news article, no action required"
564,1,"Promotional spam with expired offer, no action needed"
565,1,"Email contains no actionable request, only a rude comment"
567,1,"Informational announcement, no action needed"
568,1,Email contains a comment with no clear action or deadline
569,3,Urgent request for binder items before today's deadline and tomorrow's meeting
571,1,No actionable request or urgency detected
572,2,Needs a response about scheduling availability
573,1,Informational update with no required action
574,2,Needs clarification response
576,1,Forwarded informational email with no clear action required
577,1,Informational forward with no action required
578,3,Contains sexual harassment content requiring immediate attention
579,2,Invitation requires a response but no urgent deadline
580,1,"Promotional spam, no action required"
581,2,Requires response to address outstanding issues
582,3,Urgent legislative changes and financial actions require immediate attention
583,2,Requires response but no urgent deadline
584,1,Provides informational data with no required action
585,2,Request for information but not time-sensitive
586,1,Informational update with no immediate action required
587,1,"Informational newsletter, no action required"
588,1,Acknowledgment email with no action required
589,2,Sender missed meeting and may need to coordinate a response
590,1,"Email contains only images and promotional content, no actionable request"
591,2,Request for meeting schedule requires a response but is not urgent
592,1,Email is a forwarded chain with no clear action required
594,2,"Invitation to go kayaking, needs response but not urgent"
595,1,"Simple thank-you note, no action required"
596,1,Informational newsletter with no required action
597,1,"Informational reservation confirmation, no immediate action required"
598,1,Informational FYI with no required action
599,2,Needs a friendly response but not urgent
600,1,Informational update with no required action
601,1,Informational conference announcement with no required action
602,2,Forwarded for review without urgent deadline
603,2,Sender raises concerns needing clarification
604,1,Forwarded informational email with no clear action required
605,1,Enthusiastic forward with no action required
606,1,Promotional spam email with no required action
607,1,"Unsolicited promotional email, no action required"
608,1,"Promotional offer, no action required"
609,1,Promotional content with no actionable request
610,3,Urgent request to arrange a discussion this afternoon
611,1,Informational announcement about organizational changes
612,2,Request for template requires a response but is not urgent
613,1,Promotional newsletter with no required action
614,1,"Forwarded informational summary, no action required"
615,1,Message contains no actionable request or urgency
616,1,"Informational news summary, no action required"
617,1,Email is a forwarded informational message with no clear action required
618,1,Promotional content with no actionable request
619,1,Informational FYI with no required action
620,1,"Informational announcement, no action needed"
621,3,Schedule download failed and requires manual intervention
622,2,"Needs clarification on points calculation, not urgent"
624,1,"Informational daily blessing email, no action required"
626,1,Informational invitation with no urgent action required
627,2,Requires clarification response but not urgent
628,1,Informational news alert with no required action
630,1,Informational email with no required action
631,2,"Sender requests clarification about the Formosa deal, needing a response but not urgent"
632,1,"Informational list of articles, no action required"
633,2,"Request for tour guide assistance in July, not urgent"
634,2,Question about truck windows requires a response but not urgent
635,2,Request to proceed and consider expansion without urgent deadline
636,2,User requests printing suggestions for a satire
637,1,Newsletter content is informational with no required action
638,3,Urgent reminder about today's info sessions
639,2,Needs response to coordinate vacation dates
641,1,"Promotional marketing email, no action required"
642,1,"Spam promotional email, no action required"
643,2,Invitation requires RSVP
644,1,"Apology for not attending, no action required"
645,1,"Informational announcement about event, no action required"
647,1,"Spam promotional email, no action needed"
648,1,Informational summary with no required action
649,1,"FYI request to add to calendar, no urgent action required"
650,1,Promotional newsletter with no required action
651,1,Informational invitation with no required action
652,1,Simple acknowledgment with no required action
653,2,Requires updating confirmation language but not urgent
654,1,"Promotional travel deal email, no action required"
655,2,Sender asks for confirmation of receipt
656,1,"Informal personal comment, no action required"
657,1,"Informational newsletter, no action required"
658,3,Reminder for same-day flu shots requiring immediate action
659,2,Needs clarification and decision on property closing conditions
660,2,Needs response about house options
662,1,Message is a confused personal note with no urgent request
663,1,Informational forward with no action required
664,3,Urgent operational and financial issue requiring immediate attention
665,3,Meeting scheduled for tomorrow requires immediate attendance
666,2,Requires response to report conclusions but not urgent
667,3,Meeting scheduled for tomorrow requires immediate attendance
668,1,"Informational news summary, no action required"
669,1,Press release announcement with no required action
670,1,"Spam advertisement, no action required"
671,3,Urgent operational issue with demand swings and contract changes requires immediate attention
672,1,Email is only informational with no required action
673,1,Informational email with no required action
674,1,"Informational event announcement, no action required"
675,3,Urgent concern about production this weekend requires immediate attention
677,1,Forwarded informational content with no clear action required
679,3,Requires comments by tomorrow for a FERC submission
680,2,Requires follow‑up on committee and peer group actions but not urgent
681,2,Needs clarification and response but no urgent deadline
682,1,It's a routine newsletter notice with no required action
683,2,Needs response but not urgent
684,2,Requires response to coordinate storage move
685,1,"Informational news about lawsuits, no immediate action required"
687,1,Promotional spam with no required action
688,1,"Informational notice about past conference, no action required"
689,1,"Unsolicited promotional email, no action required"
691,1,Email is an informational update with no actionable request
692,1,"Generic solicitation, no urgent action required"
693,2,"Request to email someone and await a callback, not urgent"
695,1,Informational notice about missing meeting
696,1,Informal personal email with no actionable request
699,1,Email is informal with no urgent action required
700,1,"Social event invitation, no urgent action required"
701,1,Informational survey email with no immediate action required
702,3,Schedule download failed and needs immediate manual intervention
703,1,"Just a forwarded cheer, no action required"
704,2,Needs a response to confirm meeting time but not urgent
705,1,Promotional spam with no required action
706,1,"Spam advertisement, no action required"
707,1,Email contains only forwarded humor with no actionable request
708,1,"Promotional spam, no action required"
709,1,"Spam advertisement, no action needed"
710,2,Needs clarification on missing books
711,1,"No action required, just informal update"
712,1,"Subject only mentions a conference call, no actionable content"
713,1,"Promotional travel deal, no action required"
714,1,Informational newsletter with no required action
715,1,"Informational article, no action required"
716,1,"Order confirmation email, no action required"
717,2,Needs a response regarding safety concerns
718,1,"Informational forwarded message, no action required"
719,2,Contains a request for input on committee structure but not time‑critical
720,1,Informational newsletter with no required action
721,3,Schedule download failed and needs immediate manual intervention
722,2,Needs response to address legal issues
723,2,Requires updating contact info and addressing attached data requests
724,1,"Brief informal meeting request, no urgent action required"
725,1,Informational FYI with no required action
727,1,"Informational announcement, no action required"
728,2,Needs same-day password setup for upcoming launch
729,1,Informational event notice with past deadline
730,1,"Informational news alert, no immediate action required"
731,2,Limited tickets require timely purchase
732,2,Request asks for prompt review and advice
733,3,Urgent media payment issue likely to resurface tomorrow
734,1,Email contains only informal thanks with no actionable request
735,1,Informational forward with no action required
737,1,"Email contains only forwarded humorous quotes, no action required"
739,1,"Promotional spam, no action required"
741,1,Informational article with no required action
742,1,"Informational personal anecdote, no action required"
743,2,Needs forwarding to groups
744,3,Urgent action needed before Tuesday to address switching risk
745,3,Upcoming meeting early next week requires immediate attention
746,2,The email requests a response but lacks urgent language
747,1,Informational newsletter with no required action
748,2,Needs response but not urgent
749,2,The email asks for guidance on filing comments and requires a response
750,2,"Request for information about changing cell phones, needs a response but not urgent"
752,1,"Informational event announcement, no action needed"
753,3,Urgent legal accruals needed before arbitration decision
754,2,Needs review and feedback on draft letter
755,1,Informational content with no required action
756,1,Informational FYI with no action required
757,2,User asks for vacation details requiring a response
759,1,Forwarded informational email with no clear action required
760,2,Request for action on timeline and coordination
761,3,"Meeting and documents are due today, requiring immediate action"
762,2,Needs clarification response but not urgent
763,1,Promotional email with no required action
764,1,Informational forwarded email with no clear action required
765,1,Informational update with no urgent action required
766,3,"Urgent request to help a girl, time-sensitive"
767,1,"Spam promotional email, no action needed"
768,1,"Informational update about acquisition, no action required"
769,1,"Email only confirms attendance, no action required"
770,2,Requires review and response but not urgent
771,1,Informational monthly update with no required action
772,1,Promotional informational email with no required action
774,2,"Request to get in touch with Greg, no urgent deadline indicated"
776,2,Needs a response to confirm coffee plans
777,1,Informational forward with no required action
778,1,Promotional email with no required action
779,1,Message contains only a brief 'Please' with no clear action required
781,1,"FYI only, no action needed"
782,1,Informational news article with no required action
783,2,Needs a response to address concerns
784,1,"Informational reply, no action required"
785,1,Promotional content with no required action
786,1,Email is an FYI forward with no clear action required
787,2,Needs a personal response but not urgent
788,1,"Promotional daily verse email, no action required"
789,1,"Informational announcement, no action required"
790,1,Spam promotional email with no required action
791,1,"Promotional donation request, no urgent action required"
793,1,Informational reminder about enrollment with optional response
794,1,"Spam promotional content, no action required"
795,1,FYI message with no required action
796,2,Request for information requiring a response but not urgent
798,1,"Condolence message, no action required"
799,2,Requires a response to arrange flower pickup
800,1,It's a forwarded virus warning with no urgent action required
801,1,"Cancellation notice, no action required"
802,1,"Informational, no action required"
803,1,Informational update with no required action
804,1,Informational update with no immediate action required
805,2,Needs response about lunch plans
806,1,"Email confirms approval, no further action needed"
807,1,FYI forward with no action required
808,2,Meeting notice requires RSVP but is not urgent
809,1,Informational newsletter with no required action
810,1,Promotional email with no required action
811,1,Promotional email with no urgent action required
812,1,"Promotional welcome email, no action required"
813,1,"FYI only, no action required"
814,2,"Requires a response to decide access, but not urgent"
815,1,"Informational newsletter, no action needed"
816,2,Requires discussion but no urgent deadline indicated
817,2,Contains a question requiring a response but not urgent
818,1,"Informational update, no action required"
819,1,"Informational news summary, no action required"
820,1,"Email contains only forwarded jokes, no action required"
821,2,Requires coordination for internal call and contract review
822,1,"Informational news summary, no action required"
823,2,Request for information needed to proceed with deal matching
824,1,Casual personal email with no urgent action required
826,1,"Email only acknowledges information, no action needed"
827,3,Urgent problem requiring immediate phone call
828,1,"Event announcement, no immediate action required"
829,2,Requires forwarding emails and review but not urgent
830,1,Promotional content with no required action
831,2,Requires follow‑up on pending amendment signature
832,1,"Humorous informational content, no action required"
833,2,Internal acquisition discussion requires response but no immediate deadline
834,2,Request for assistance with amendment requires a response but is not urgent
835,3,Schedule download failed and requires immediate manual intervention
836,1,Promotional newsletter with no required action
837,1,"Informational news alert, no action required"
838,1,Informational newsletter with no required action
839,3,Urgent due to time-sensitive regulatory investigation
840,1,"Informational update, no action needed"
841,2,Needs scheduling response but not urgent
842,2,Requires response to review revisions before the deadline
843,2,Membership dues request requires a response but is not urgent
844,1,"Thank-you note, no action required"
845,1,Informational clarification with no required action
846,1,Promotional spam with no required action
848,1,Informational thank-you email with no required action
849,2,Simple meeting request requiring a response
851,2,Requires review and handling of NDA documents
852,1,"Informational newsletter, no action required"
853,1,"Promotional information, no action needed"
854,1,Email contains only forwarding headers with no actionable request
855,1,"Automated fantasy football report, no action needed"
856,2,Invitation requires RSVP before the upcoming event
857,2,Request for decision on conference invitation
858,1,Promotional email with no required action
859,1,"Informational update about football, no action needed"
860,1,Social invitation with no urgent action required
861,1,"Informational update, no action required"
862,1,Email contains only forwarded proprietary notice with no clear action required
863,2,Needs clarification about travel plans
864,3,Urgent action needed to schedule a call for tomorrow
865,1,"No action required, just a personal anecdote"
869,1,Promotional content with no required action
870,1,Promotional content with no urgent action required
871,1,Promotional spam with no required action
872,1,It's a news digest with no required action
873,3,"Event is tonight, requiring immediate attention"
874,1,Informational announcement about a conference call with no required action
875,1,"Promotional email, no action required"
877,1,"Promotional marketing email, no action required"
878,1,"Informational, no action needed"
880,1,Joke with no actionable request
881,1,"Informational email about ticket specials, no action required"
882,1,"Contains news updates about Enron, no action required"
883,1,Condolence message with no required action
884,3,Urgent data request for investigation requires immediate attention
885,2,Request for status update requiring a response
886,1,Informational FYI with no required action
887,2,"Attachment sent, requires review"
888,1,Informational newsletter with no required action
889,1,"Informational forwarded summary, no action required"
890,1,Informational survey results with no action required
891,3,Needs response before tomorrow's meeting
892,1,"Promotional travel information, no action required"
893,3,Reminder about a same-day meeting requiring immediate attention
894,1,"No actionable request, just forwarded commentary"
896,1,"Simple thank you note, no action required"
897,2,Contains a request to respond to a colleague
899,1,"Email contains news updates only, no action required"
900,1,Simple forwarding request with no urgent deadline
901,1,Promotional email with no required action
902,1,"Newsletter informational, no action required"
903,1,Promotional spam with no required action
904,3,Schedule download failed and requires immediate manual intervention
906,1,Informational copy with no clear action required
908,2,Needs a response to discuss arguments but not urgent
909,1,Informational content with no actionable request
910,2,Legal document revision requires review but no urgent deadline
911,2,"Request for clarification and assistance, but not urgent"
912,1,Informational newsletter with no required action
913,2,Requires a response but no urgent deadline indicated
914,1,"Informational list of articles, no action required"
915,1,Birthday greeting with no required action
916,1,Informational announcement about holiday hours
917,1,Personal forward with no required action
918,2,Missing schedule file requires follow-up
919,1,The email contains no clear actionable request or urgent matter
920,2,Informational about a sponsorship event that may need a response but is not urgent
921,2,Needs review of attached preliminary drafts
922,1,It's a forwarded news update with no required action
923,1,Informational invitation with no urgent action required
924,1,"No clear request or urgency, appears informational"
925,2,Issue with incorrectly booked deals requires response
926,1,"Spam advertisement, no action required"
927,1,"Informational distribution list request, no urgent action needed"
928,2,Request for speaker and attendance info requires a response but is not urgent
929,1,"Email contains only praise, no actionable request"
930,2,Requires a response but no urgent deadline indicated
931,3,Urgent contract execution needed for upcoming start date
932,2,Needs response to provide trade count information
933,1,"Promotional spam, no action required"
934,1,"Informational update, no action required"
936,1,Informational update about interview outcomes
937,1,"Promotional marketing email, no action required"
938,2,"Survey request, not urgent"
940,1,"Informational news summary, no action required"
943,2,Needs a response to provide input on standards
945,2,Requires a response from Carol but not time-sensitive
946,2,Sender asks for scheduling details and needs a response
947,2,Seeking input on organizational change
948,2,Suggestion for Thursday meeting needs response
949,1,Forwarded chain email with no actionable request
950,1,"Informational spam, no action needed"
951,1,"Casual personal reply, no action required"
953,2,Invitation requires a response but is not time-sensitive
954,2,Request asks for action but no urgent deadline
955,2,Requires response to discuss settlement impact but not urgent
956,1,Email contains personal data without urgent request
957,1,Promotional email with no required action
958,3,Urgent conference call scheduled today
959,1,"No actionable request, just a forwarded notice"
960,1,Promotional email with no required action
961,1,"Congratulatory note, no action needed"
962,2,Needs a response but not urgent
963,1,"Informational newsletter, no action required"
964,1,Informational market bulletin with no required action
965,2,Meeting invitation requires RSVP but is not urgent
966,1,"No actionable request, informal and not urgent"
968,2,Request for scheduling a call requires a response but is not urgent
969,1,Forwarded informational message with no clear action required
970,3,Urgent request for cost data needed early Friday
971,1,Informational announcement with no required action
972,1,Email lacks clear request or urgency
974,1,Email contains only broken image links and no actionable request
975,1,"Just a thank‑you note, no action needed"
976,1,Informational update with no immediate action required
979,2,Needs response to confirm agreement changes
980,1,Promotional spam with no required action
981,1,"Casual food suggestion, no urgent action required"
982,1,Forwarded informational email with no clear action required
983,2,Meeting request needs a timely response
984,1,"Personal update, no action required"
985,3,Meeting request for noon requires immediate attention
986,1,"Informational newsletter, no action required"
987,2,Requires response to arrange meeting and follow up today
988,2,"Request to call and clarify issue, needs a response"
989,1,FYI informational email with no required action
990,1,Informational forward with no required action
991,1,"Spam advertisement, no action required"
992,1,Promotional email with no urgent action required
993,1,"Informational announcement, no action required"
994,1,"Just sharing information, no action required"
995,2,"Request for information and discussion, not urgent"
996,1,"Spam promotional content, no action required"
997,1,"Promotional travel deals, no urgent action required"
998,2,Needs coordination for court representation
999,2,Requires response to coordinate meeting plans
1000,1,Promotional newsletter with no required action
1002,2,Requires review and response to finalize the letter agreement
1003,1,Informational update about player upgrades and downgrades
1004,2,Invitation requires a response but is not time-sensitive
1005,2,Upcoming deadline requires response but not immediate
1006,1,Informational reply with no immediate action required
1007,1,"Informational update about staffing process, no immediate action required"
1008,1,"Promotional newsletter, no action required"
1009,2,"Request for review and analysis, not urgent"
1010,1,"Automated fantasy football report, no action required"
1011,1,"Informational newsletter, no action required"
1012,3,Urgent action required to prepare closing documents for an imminent deal
1013,1,"Promotional announcement, no action required"
1014,2,"Request for information and written confirmation, not time-sensitive"
1015,1,Promotional spam with no required action
1016,1,"Informational email with product lists, no action required"
1018,1,"Informational content, no action required"
1019,1,"Informational announcement, no action required"
1020,1,"Informational newsletter, no action required"
1021,1,FYI email with no action required
1022,1,"Informational event invitation, no action required"
1023,1,Informational content with no actionable request
1024,1,"No actionable request, just a forwarded personal message"
1025,1,"Informational reply providing fax number, no action required"
1026,1,Informational forward with no action required
1027,1,"FYI about meeting, no action required"
1028,1,"Informational news update, no action required"
1029,1,Informational story with no required action
1031,1,Informational update with no required action
1033,2,Requires follow‑up coordination but not urgent
1034,3,Schedule download failed and needs immediate manual intervention
1035,1,"Email contains only a trivial spelling comment, no action needed"
1036,1,Informational question with no urgent action required
1038,1,Informational content with no required action
1039,1,It's an informational newsletter with no required action
1040,1,"Only provides contact information, no action required"
1041,1,Email is promotional content with no actionable request
1042,1,"Informational market report, no action required"
1043,1,Informational campaign update with no required action
1044,1,"User requests removal from list, no urgent action needed"
1045,1,The email contains a personal comment with no actionable request
1046,1,"Informational update, no action needed"
1047,2,"Clarification request, not urgent"
1048,1,Informational email with no clear action required
1049,2,Requires review of attached corrections but not urgent
1050,1,Promotional update with no required action
1052,1,"Promotional newsletter solicitation, no action required"
1054,1,Email is informational with no clear action required
1055,2,"Asks about holiday plans, requires response but not urgent"
1056,2,Request for fax and call requires response but not urgent
1057,1,Informational update with no required action
1058,1,Informational announcement with no required action
1059,1,"Informational log about missing schedule, no action required"
1060,1,"Informational announcement, no action required"
1062,1,"Provides clarification, no action required"
1064,1,Informational update with no urgent action required
1065,3,Requires immediate response to confirm phone participation before noon
1066,2,Needs scheduling response within a few weeks
1067,2,Needs response for article approval but no urgent deadline
1069,2,Needs a response but not urgent
1070,1,Informational recap with no required action
1071,2,Needs review and response but not urgent
1072,1,"Provides requested summary, no urgent action needed"
1073,1,"Promotional newsletter, no action required"
1074,2,Request for meeting dates requires a response but is not urgent
1075,1,"Email only confirms meeting, no action required"
1076,1,Informational memo with no immediate action required
1077,1,Forwarded note with no clear actionable request
1078,1,"Just a thank-you note, no action required"
1079,1,"Informational tip, no action required"
1081,2,Suggests coordinated action requiring a response
1082,1,Informational comment with no clear action required
1083,1,"Promotional spam, no action required"
1084,2,Follow-up on project issues requiring a response
1085,1,Promotional email with no required action
1086,1,"Informational sports update, no action required"
1087,1,Forwarded prayer email is informational with no required action
1088,1,"Informational newsletter, no action required"
1089,1,"Promotional email, no action required"
1090,1,The email is a forwarded opinion piece with no clear request or action needed
1092,2,Requires review of attached draft documents
1095,1,"Informational list of contacts, no action required"
1096,1,Informational update with no required action
1098,1,Email is informational with no explicit action required
1099,2,Sender requests an update on the London matter
1100,1,"Promotional survey reminder, no urgent action required"
1101,2,Requires a response but no urgent deadline indicated
1102,1,"Promotional spam, no action required"
1103,1,"Informational email sharing a paper, no action required"
1104,1,Informational email with no action required
1105,1,Informational newsletter with no required action
1106,2,Needs response to coordinate vacation plans
1107,1,Informational FYI with no required action
1108,1,"Informational news article, no action required"
1109,1,"Email contains no actionable request, just political commentary"
1113,1,Promotional advertisement with no required action
1114,3,Urgent past due invoice requires immediate action
1115,1,"Informational news article, no action required"
1116,3,Donation collection needed by tomorrow
1117,1,"Cancellation notice, no immediate action required"
1118,1,"Spam marketing email, no action needed"
1119,1,Promotional event invitation with no urgent action required
1120,1,"Promotional spam, no action required"
1121,1,Informational marketing summary with no required action
1122,2,Needs coordination for a meeting by Wednesday
1123,1,"Promotional spam, no action required"
1125,1,Informational news update with no immediate action required
1127,1,"Informational update about hearings, no action required"
1128,1,Informational email with no actionable request
1129,3,High importance request for missing information
1130,1,Invitation is informational with no urgent action required
1131,1,Informational HR announcement with no required action
1132,1,"Informational article, no action required"
1133,1,"Informational announcement about a conference, no action required"
1135,1,Informational news with no required action
1136,1,"Informal, non‑urgent message with no clear actionable request"
1137,1,"Promotional spam, no action required"
1138,1,Email is a routine meeting notice with no urgent action required
1139,2,Contains a request for follow‑up about a job interview
1141,3,Requires prompt scheduling of a meeting before the upcoming conference
1142,2,"Invitation to info session, response needed but not urgent"
1143,1,"Informational notice about availability, no action required"
1144,1,"Friendly check‑in, no action required"
1145,1,"Informational email about a service, no action required"
1147,1,"Informational thank-you, no action needed"
1148,3,Urgent deal execution needed for tax reasons
1149,1,"Informational about new locations, no action required"
1150,1,Promotional newsletter with no required action
1151,2,Needs internal discussion and response but not urgent
1152,2,Contains action items requiring a response but no urgent deadline
1154,1,Promotional content with no required action
1155,1,"No actionable request, just informational"
1156,3,Missing schedule file requires immediate attention
1157,1,Informational internal announcement with no required action
1158,1,Promotional email with no actionable request
1159,2,Needs response to coordinate document review
1160,1,"Promotional announcement, no action required"
1161,1,"Promotional price update, no action required"
1162,1,Provides contact information with no immediate action required
1164,1,"Informational update, no action required"
1166,3,"Schedule download failed, requires immediate manual intervention"
1167,2,Follow-up request to discuss legal issues and schedule a meeting
1169,1,"No actionable request, appears informational"
1170,1,"No actionable request, just an exclamation"
1172,1,Informational email with no required action
1173,2,Requires a response to select a boat but not time-sensitive
1174,3,Upcoming claim deadline requires immediate attention
1175,1,Informational content with no required action
1176,1,Email contains no actionable request or urgent information
1177,2,Request for birthday ideas needing a timely response
1178,1,Informational announcement with no action required
1179,3,Urgent request for timesheets needed today
1180,1,It's an informational newsletter with no required action
1181,2,Requires a response to coordinate interview and answer questions
1182,3,Urgent legal matter requiring immediate discussion and possible filing
1183,1,Informational newsletter with no required action
1184,1,"Just a friendly hello, no action required"
1185,2,Action requested but not urgent
1186,2,Needs response to prepare speaker packs before upcoming training dates
1187,1,Informational newsletter with no required action
1188,1,Promotional event invitation with no urgent action required
1189,1,Forwarded notice with no clear action required
1190,3,Urgent request for presentations before upcoming meeting
1191,3,Sender is arriving now and expects immediate handling
1192,1,Unsolicited promotional email with no required action
1193,3,Urgent operational action required to schedule exports within limited capacity
1194,2,Request for budgeting method likely requires a response but no urgent deadline indicated
1195,1,"Informational news article, no action required"
1196,1,Informational daily report with no required action
1197,1,"Provides biographical info, no action required"
1198,2,Request for detailed analysis requires a response but is not urgent
1199,2,"Follow-up email about meeting next week, needs response"
1200,1,"Informational content about an op-ed, no immediate action required"
1201,1,The email only shares a link with no required action
1202,3,Urgent deadline requires immediate time entry
1203,2,Requires response to support pending legislation
1204,1,Informational news update with no required action
1205,1,It's an informational newsletter with no required action
1207,1,Informational announcement with no required response
1208,1,Informational update with no required action
1209,1,Promotional content with no required action
1210,1,"Promotional marketing email, no action required"
1211,1,"Informational update about meeting time, no action needed"
1212,1,Informational invitation with no urgent action required
1214,3,Urgent travel and housing decision required promptly
1215,1,"Spam advertisement, no action required"
1216,2,Needs review and comment on draft claim
1218,3,Meeting schedule for tomorrow requires immediate response
1219,1,"Informational list of news mentions, no action required"
1220,1,"Promotional travel deal, no action required"
1221,3,Urgent request for revisions needed today or tomorrow
1222,1,Informational congratulatory note with no required action
1223,1,Generic solicitation with no actionable request
1224,2,Needs a timely response to schedule a meeting
1225,2,Summary of judge's recommendation requires review
1226,1,"Promotional travel offer, no action required"
1227,3,SQL error and locked file need immediate resolution
1228,1,Informational market report with no required action
1229,2,Suggests a signing action but no urgent deadline
1230,1,It's an informational newsletter with no required action
1232,1,Informational update with no required action
1235,1,Informational notice about potential pay advice discrepancy
1236,2,Needs response to share points by Monday
1238,2,Needs response to confirm booking details
1239,1,Promotional email with no required action
1240,2,Requires response and action but no urgent deadline
1241,1,Spam-like content with no actionable request
1242,1,"FYI about job posting, no action required"
1243,1,Promotional newsletter with no required action
1244,1,Informational content with no required action
1245,1,"Informational announcement, no action required"
1246,2,Needs response to prepare speaker packs before upcoming dates
1247,2,Requires response about settlement services
1248,1,Informational forward with no required action
1249,1,"Promotional newsletter, no action needed"
1250,1,Email contains only a partial HTML snippet with no clear request
1251,1,Informational content with no required action
1252,1,It's an informational newsletter with no urgent action required
1253,1,"Informational about future trip, no immediate action needed"
1254,2,Decision needed on co-chair nomination
1255,1,Promotional spam with no required action
1256,2,Meeting time change requires a response but is not urgent
1257,2,Needs discussion and clarification but not urgent
1258,1,"No actionable request, just a forwarded message"
1259,2,Requires a response but no urgent deadline indicated
1260,1,"Informational news update, no action required"
1261,1,Promotional content with no actionable request
1262,1,The email is a simple thank‑you with no required action
1263,1,"Promotional conference invitation, no immediate action required"
1264,1,"Informational update, no action needed"
1265,1,"Promotional announcement, no action required"
1266,2,Needs a response to confirm if the issue is resolved
1267,1,"Just a forwarded blessing, no action required"
1269,1,Forwarded message with no clear request
1271,1,Promotional email with no required action
1272,1,Promotional spam with no required action
1273,2,Requires response to coordinate strategy but not urgent
1274,1,"Promotional newsletter, no action required"
1275,2,"Contains a request to discuss matters, needs a response"
1277,1,"Promotional content, no action needed"
1278,2,Requires feedback participation but not urgent
1280,3,"Meeting and documents are due today, requiring immediate action"
1281,1,"Provides historical info, no action required"
1282,2,Requires response to confirm meeting attendance
1283,2,Provides update on labor action and requires acknowledgment
1284,1,Informational FYI with no required action
1285,1,Promotional email with no required action
1287,1,Informational email with no required action
1289,1,Informational email with no actionable request
1290,3,Security alert demands immediate response
1291,1,"Spam/phishing newsletter, no action required"
1292,1,Informational content with no required action
1293,2,Request for meter numbers requires a response but is not time-sensitive
1294,1,"Informational update about store reopening, no action required"
1296,3,Urgent signature and fax needed for bank processing
1297,1,Casual conversation with no required action
1298,2,"Job application request, needs response but not urgent"
1300,2,Needs a response but not urgent
1301,3,Meeting scheduled for tomorrow requires immediate attention
1303,2,Request to schedule a follow-up meeting by end of June
1304,1,"Informational newsletter, no action required"
1305,1,"Promotional spam, no action required"
1306,1,"No clear actionable request, appears to be a forwarded spam email"
1307,2,"Sales proposal forwarded, needs response but no urgent deadline"
1308,1,"Spam promotional email, no action required"
1309,1,Informational press release with no required action
1310,1,"Promotional email, no action required"
1311,1,Spam with no actionable content
1312,1,"Spam political rant, no action required"
1313,1,Friendly update with no required action
1315,1,Brief acknowledgment with no required action
1316,3,Meeting time needs confirmation for tomorrow
1317,2,Needs clarification on contract language
1319,1,"Informational news summary, no action required"
1320,1,Informational content with no required action
1321,1,"Spam promotional email, no action needed"
1322,1,"Spam promotional email, no action needed"
1323,1,Informational message with no required action
1324,1,"Informational announcement about portal update, no action required"
1325,2,Requires response to coordinate meeting schedule
1327,2,Requires a response but no urgent deadline
1328,1,Informational update with no required action
1329,2,Contains a follow‑up question requiring a response
1330,1,It's an advertisement with no required action
1331,1,"Informational about campout and dinner, no action required"
1332,1,Informational invitation with no urgent action required
1333,1,"Informational newsletter, no action required"
1334,1,Informational forward with no required action
1335,1,"Informational newsletter, no action required"
1337,1,Informational announcement with no required action
1338,1,Informational forward with no clear action required
1340,1,Informational reply with no action needed
1341,3,Requires immediate scheduling of calls for Monday
1342,1,"Meeting reschedule is informational, no action needed"
1343,1,Informational summary with no required action
1345,1,"FYI informational, no action needed"
1346,1,Informational meeting notice with no required action
1347,1,Informational newsletter with no required action
1348,1,Informational report with no actionable request
1349,1,"Contains no actionable request, just a joke"
1350,2,Requires response to finalize agreement but not urgent
1351,1,Informational announcement with no required action
1352,1,Promotional email with no required action
1354,1,"Promotional spam, no action needed"
1355,2,"Personal ride request, needs reply but not urgent"
1356,1,Informational newsletter with no required action
1357,2,Needs a response to confirm issues but not urgent
1358,2,Needs response to address security confusion
1359,1,Spam-like content with no actionable request
1360,1,"Promotional newsletter, no action required"
1361,1,Informational update with no urgent action required
1363,1,"Promotional email, no action required"
1364,1,"No actionable request, just an excited comment"
1365,2,Request to confirm deals
1366,2,Requires response to provide feedback but not urgent
1367,1,"Spam promotional content, no action required"
1368,1,Newsletter content with no required action
1370,1,Forwarded poem with no action required
1371,1,Informational summary with no required action
1372,1,Informational newsletter with no required action
1373,1,Promotional spam with no required action
1374,1,Informational update with no required action
1375,1,Forwarded report appears informational with no action required
1376,1,Informational content with no action required
1377,3,Deadline approaching requires immediate action
1378,1,Informational welcome message with no required action
1379,1,Informational fare update with no urgent action required
1380,1,Spam advertisement with no actionable request
1381,1,Informational briefing with no required action
1382,2,Technical query about pipeline pigging requires a response
1383,1,Informational forward with no action required
1384,3,Requires prompt review due to short turnaround
1386,1,"Promotional content, no action required"
1387,1,"Informational announcement, no action required"
1388,2,Needs a response about project leadership
1389,2,Requires response but not urgent
1390,2,"Sender seeks clarification and a future chat, but it's not urgent"
1391,1,"Forwarded informational message, no action required"
1392,1,"Supportive message, no urgent action required"
1393,1,"Informational daily summary, no action required"
1394,1,Informational news with no required action
1396,1,"It's a generic tip newsletter, no action required"
1397,1,Informational market update with no required action
1398,1,Informational forward with no action required
1401,2,Interest in buying property requires a response but is not urgent
1402,1,Informational email with no required action
1403,1,Informational forwarded schedule with no urgent action required
1404,1,Informational schedule update with no required action
1405,2,Request for legal risk assessment requires a response but is not urgent
1406,2,Draft comments needed for FERC filing
1407,1,Promotional spam with no required action
1408,2,"Suggests staffing change, needs response but not urgent"
1409,1,Spam newsletter with no actionable request
1410,1,Email contains only a forwarded notice with no actionable request
1411,2,Meeting invitation requires response but not urgent
1412,1,"Spam advertisement, no action required"
1413,1,Informational announcement about an upcoming event
1414,2,Needs response to arrange interview timing
1415,1,Informational promotional content with no required action
1416,1,"Automated fantasy football report, no action required"
1417,3,Meeting scheduled today at 4:00pm requires immediate attention
1418,2,Request to forward a document requires a response but is not urgent
1419,3,"Requires response by today and Friday, time-sensitive"
1420,2,Requires response to provide onboarding details but not urgent
1421,1,Informational email with no clear action required
1422,1,Spam email with unsolicited flash animation link
1423,2,Needs clarification response but not urgent
1424,1,Informal note with no actionable request
1425,1,Informational newsletter with no required action
1427,2,Requires response to advise on CFTC issues but not urgent
1428,3,Harassing and threatening content requires immediate attention
1429,1,Informational forward with no actionable request
1430,2,"Request for survey participation, not urgent"
1431,1,Promotional forward with no actionable request
1432,3,Urgent action required before migration to avoid loss of email capability
1433,1,Provides an updated presentation with no urgent action required
1435,3,Urgent legal review needed by end of day
1437,1,Meeting notice with no actionable content
1438,1,"Event invitation, no urgent action required"
1439,1,Promotional content with no required action
1441,3,Urgent schedule change requiring immediate attention
1443,2,Time-sensitive fare changes require prompt action
1444,1,Informational email with no action required
1446,1,Informational email with no required action
1447,1,Informational newsletter with no required action
1449,3,Schedule download failed and requires manual intervention
1450,1,Informational newsletter with no required action
1451,1,Casual congratulatory note with no required action
1452,1,Informational content with no required action
1454,1,Promotional email with no required action
1456,1,Informational update with no required action
1457,1,"Informational newsletter, no action required"
1458,1,Promotional email with no required action
1459,2,Requires response about meeting attendance
1461,1,Informational update with no required action
1462,1,"Spam advertisement, no action required"
1463,2,"Follow-up email requesting a response, but not urgent"
1464,1,Informational forward with no action required
1465,1,"Informational fare update, no immediate action required"
1466,1,Promotional email with no required action
1467,2,Requires a response but not urgent
1468,1,Email contains informal remarks with no actionable request
1469,1,"Informational update, no action required"
1470,2,Requires response/action but not urgent
1471,1,"Promotional content, no action required"
1473,1,Informal message with no required action
1475,1,"No actionable request, just a personal note"
1477,1,"Informational personal message, no action required"
1478,1,Informational meeting notice with no immediate action required
1479,1,Promotional content with no required action
1480,1,"Informational notice about email address change, no action required"
1481,2,The email asks a question requiring a response but has no urgent deadline
1483,1,Promotional content with no required action
1484,2,"Request for hardware advice, needs response but not urgent"
1485,1,"Newsletter is informational, no action required"
1486,3,Urgent request for slides needed by Wednesday morning
1487,1,Informational conference announcement with no required action
1488,1,Informational weather forecast with no required action
1489,1,"Informational party invitation, no action required"
1490,2,Request for performance feedback requires a response but is not urgent
1491,1,The email contains only a story with no actionable request
1493,1,Informational email with no clear action required
1494,1,"Informational announcement of executive changes, no action required"
1495,2,The email proposes a Friday outing and needs a response
1496,1,"Casual personal message, no urgent action needed"
1497,1,Informational benefits announcement with no immediate action required
1498,3,Schedule download failed and requires manual intervention
1499,1,Internal announcement with no required action
1500,1,Informational FYI with no action required
1501,2,Requires response but not urgent
1502,3,Needs urgent response to confirm representation at upcoming meeting
1503,1,Promotional email with no required action
1504,2,"Sender asks for status update, requiring a response but not urgent"
1505,1,"Simple attendance confirmation, no action needed"
1506,1,Informational announcement about enrollment start date
1508,2,Action items require a response before the upcoming meeting
1510,1,The email is a forwarded joke with no actionable request
1511,2,"Sender proposes a meeting on Saturday, not urgent"
1513,1,"Promotional email, no action required"
1515,1,Email contains only forwarding information with no actionable request
1516,1,Informational email with no immediate action required
1517,1,Informational notice about wallet theft with no required action
1518,3,Urgent request to submit surveys immediately
1519,1,Email contains a suspicious link with no clear actionable request
1520,3,Urgent reminder about same-day info sessions
1521,1,Informational announcement with no required action
1522,3,Urgent request to fax escrow documents for closing
1523,1,Informational forwarded email with no action required
1524,2,The sender asks a question that needs a response but is not urgent
1527,1,"Unsolicited promotional email, no action required"
1528,1,Email provides news updates with no required action
1529,2,Request for copies requires a response but is not urgent
1530,1,"Unsolicited marketing, no action required"
1531,1,Informational announcement with no required action
1532,1,It's a promotional newsletter with no action required
1533,1,"Spam promotional email, no action required"
1534,1,Promotional email with no required action
1535,1,The email is an informational forward with no actionable request
1536,3,Urgent request for testimony information
1539,2,Needs response about hotel choice and cost
1540,3,"Feedback deadline is imminent, requiring immediate action"
1541,1,Informational email with no clear action required
1542,1,"Informational news about Enron, no action required"
1543,1,"Promotional email, no action required"
1544,1,Informational update with no required action
1545,1,"Provides new address and contact info, no urgent action required"
1546,1,Informational announcement with no required action
1547,1,FYI informational notice with no required action
1550,1,Informational market update with no required action
1552,1,"Informational newsletter, no action required"
1553,1,"Informational update, no action required"
1554,1,Informational newsletter with no required action
1556,2,"User asks how to sign up for the run, requiring a response"
1557,1,Informational email with no action required
1558,1,Informational forwarded email with no clear action required
1559,1,Informal friendly note with no required action
1560,1,Informational forward with no action required
1561,1,Informational forward with no required action
1562,2,Needs confirmation but not urgent
1563,1,Promotional content with no urgent action required
1564,1,Provides contact info with no required action
1565,1,Content is non-business and does not require a response
1566,2,"Request for information, not urgent"
1567,1,"Promotional conference announcement, no immediate action required"
1568,1,Informational weather forecast with no required action
1569,2,Requires confirmation of board membership by tomorrow
1570,2,Needs a response to confirm meeting dates
1571,1,Delivery failure notice is informational and requires no immediate action
1572,1,Informational announcement with no required action
1573,2,The email requests a response but does not indicate urgency
1574,2,Job inquiry requires a response but not urgent
1576,1,"Just a comment, no action needed"
1577,1,"Promotional content, no action required"
1578,1,Email contains only a forwarded message with no actionable request
1579,2,Requires response but not urgent
1580,1,Informational conference announcement
1581,1,Informational content with no required action
1582,1,Informational newsletter with no required action
1583,2,Training invitation requires response but is not urgent
1584,1,Informational clarification about migration
1586,2,Needs response to coordinate event timing
1589,1,Informational newsletter with no required action
1590,1,"Congratulatory message, no action needed"
1591,2,"Requires review and confirmation, but not urgent"
1592,2,Needs discussion and response but not urgent
1594,1,The email is a forwarded fax notice with no clear action required
1596,1,Informational FYI with no required action
1598,1,Promotional content with no actionable request
1599,1,"Informational market report, no action required"
1600,1,Promotional newsletter with no required action
1601,1,Informational content with no required action
1602,1,Non‑urgent suggestion with no immediate action required
1603,1,Promotional email with no required action
1604,1,Informational email with no required action
1606,1,Email is a casual acknowledgment with no required action
1608,2,Invitation requires a response but not urgent
1609,1,Informational email with no required action
1610,2,"Request to forward information, not urgent"
1611,1,"Promotional newsletter, no action required"
1612,1,Informational status update with no required action
1614,1,Forwarded informational article with no required action
1616,2,Needs clarification on payment terms
1617,1,"Informational newsletter, no action required"
1618,1,Promotional newsletter with no required action
1619,2,Requires printing and bringing documents to upcoming meeting
1620,3,Schedule download failed and requires manual intervention
1621,1,Informational email with no required action
1622,1,Informational newsletter with no required action
1623,1,"Informational newsletter, no action required"
1626,1,"Informational reservation confirmation, no action required"
1627,2,"Needs response to schedule future dinners, but not urgent"
1628,1,Informational update with no required action
1629,1,No actionable request or urgency evident
1630,1,"Promotional email with discounts, no action required"
1631,1,Casual message with no clear request
1632,2,Needs response to confirm lunch timing
1633,1,Informational forwarded email with no required action
1634,2,Invitation requires a response but no immediate deadline
1635,3,Urgent meeting tomorrow requires immediate attendance
1636,1,"General warning, no action required"
1637,2,Confirmation of meeting time and contribution requires a response but is not urgent
1638,1,Informational email with no clear action required
1639,1,"Promotional email, no action required"
1640,1,Promotional holiday greeting with no required action
1641,3,Time-sensitive purchase deadline on Friday
1642,1,Promotional email with no urgent action required
1644,1,"Informational announcement, no action needed"
1645,1,"Promotional donation request, no urgent action required"
1646,1,Promotional marketing content with no required action
1647,1,The email is an informational confirmation of a presentation date with no required action
1648,1,"Just a forwarded informational message, no action required"
1649,2,User requests removal from distribution list
1650,2,Needs a response to clarify gas sale flexibility
1651,2,Requires a response but not urgent
1653,1,"Informational announcement, no action required"
1654,1,"FYI only, no action required"
1655,2,Request for feedback on filings requires a response but has no urgent deadline
1656,2,Follow-up requires a response but is not urgent
1658,3,Urgent action required before tonight
1660,2,Request for speaking participation requires a response but is not urgent
1661,1,"Promotional spam, no action required"
1662,1,Informational thank-you email with no required action
1664,1,Informational update with no immediate action required
1665,1,Promotional email with no required action
1667,1,"Promotional email, no action required"
1668,3,"Deadline for savings plan changes approaching, requires immediate action"
1669,1,"Promotional spam, no action required"
1670,1,"Promotional email, no action needed"
1671,3,Sender requests urgent clarification for draft
1672,2,Request for information from a Senator's office requires a response but has no immediate deadline
1673,1,"Spam promotional email, no action needed"
1674,1,The email is an FYI forward with no clear action required
1675,2,The email asks for support and a response but does not indicate urgency
1676,1,"Informational announcement about organizational changes, no action required"
1677,3,Marked high importance and includes contract documents needing review
1678,1,Informational portfolio update with no required action
1679,1,"Promotional email, no action required"
1681,2,Requires a response but no urgent deadline
1682,2,Contains draft documents that likely need review
1683,1,"No clear actionable request, appears to be irrelevant forwarding"
1685,2,Needs a response to coordinate plans but not urgent
1686,2,Request requires response but not urgent
1687,2,Requires clarification response but not urgent
1689,1,"Informational notice about policy changes, no immediate action required"
1690,1,Email provides informational news updates with no required action
1691,1,Informational content with no required action
1692,1,"Promotional conference announcement, no action required"
1694,1,Informational update about new locations with no action required
1695,1,Informal food discussion with no urgent action required
1696,1,"Promotional email, no action required"
1697,1,"Casual reminder about plastic cups, no urgent action required"
1698,1,"Informational news, no action required"
1699,1,"FYI only, no immediate action required"
1700,2,Needs review and possible response but not urgent
1701,1,Informational content with no required action
1702,2,Needs a response to discuss meeting dates but not urgent
1703,2,Request for resource reallocation requires a response but is not urgent
1704,3,Schedule download failed and requires immediate manual intervention
1705,1,Forwarded joke with no actionable request
1706,1,"Informational news, no action required"
1707,2,Requires a response but not urgent
1708,1,"Promotional sale email, no action required"
1709,1,Informational news article with no required action
1710,2,Sender needs help fixing email address
1711,2,Requires sending a message and monitoring feedback
1712,1,Informational email with no action required
1713,3,Schedule download failed requiring immediate manual intervention
1714,1,"Informational newsletter, no action required"
1715,1,"Informational newsletter, no action required"
1716,2,"Recipient is asked to provide a convenient day and time, requiring a response but not urgent"
1717,1,"Routine newsletter, no action required"
1719,1,Informational forward with no actionable request
1720,2,Sender expects a callback but not immediate
1721,1,"Informational news article, no action required"
1724,1,"Informal complaint about golf, no urgent action needed"
1725,1,Informational newsletter with no required action
1728,1,Forwarded team building notice is informational with no required action
1730,3,Potentially dangerous issue requiring immediate action
1732,1,It's an informational newsletter with no required action
1733,1,"Spam registration confirmation, no urgent action required"
1734,2,Request to resend a document requires a response but is not urgent
1736,1,"Contains only jokes, no action required"
1737,1,"Informational newsletter, no action required"
1738,1,Forwarded message contains only headers and no actionable request
1739,1,"Informational political request, no urgent action"
1740,1,"Provides documentation link, no action required"
1741,1,Informational announcement about new portal version
1743,1,"Informational email about travel plans, no action required"
1745,1,Informational forwarded email with no action required
1746,1,"Newsletter announcement, no action needed"
1748,1,"No actionable request, just a forwarded praise"
1750,3,Schedule download failed and requires manual intervention
1751,2,Request for contact information requires a response but is not urgent
1752,1,"Newsletter with Bible verse, no action required"
1753,1,Email contains only informational content with no clear action required
1754,2,Requires response to provide agreement and discuss signing authority
1755,1,"Informational news, no action required"
1756,3,Schedule download failed and requires manual intervention
1757,3,Urgent request to prevent charges by immediate action
1758,1,"Email contains no actionable request, only a forwarded notice"
1759,2,Regulatory order requires review and possible response
1760,1,Informational news digest with no required action
1761,3,Upcoming June 11 deadline makes it time-sensitive
1762,2,"User asks for clarification about a suspicious email, needing a response"
1763,2,Request to print a document requires action but has no urgency indicated
1764,1,"Announces postponement, no immediate action required"
1765,1,"Automated fare watch update, no action required"
1767,1,Informational newsletter with no required action
1768,2,Question about Linux requires a response but not urgent
1769,1,Informational news update with no required action
1770,3,"Marked as high importance, indicating urgent attention"
1772,2,Needs a courteous response but not urgent
1775,3,Urgent follow-up data request requiring prompt response
1776,1,The email is a non‑urgent comment about policy with no required action
1777,1,It's an informational newsletter with no required action
1778,3,Urgent need to proceed with design to avoid further delay
1779,2,Needs review and response to settlement draft
1781,2,Needs response about meeting attendance and ride
1782,1,"Spam promotional email, no action required"
1783,1,Promotional email with no required action
1784,2,Internal coordination requires a response but is not urgent
1785,1,Informational newsletter with no required action
1787,1,"Informational update about legislature adjournment, no action required"
1788,1,Informational content with no required action
1789,1,"Forwarded informational email about football, no action needed"
1790,1,Informational update with no required action
1791,3,Urgent request to review CEQA issue affecting study
1792,2,Request for documentation and account details requires a response but is not urgent
1794,1,"Informational newsletter, no action required"
1795,1,"Email contains no actionable request, appears informational"
1796,1,"Informational newsletter, no action required"
1797,1,Informational update with no required action
1798,2,Request requires document changes and printing but no urgent deadline
1799,2,Requires response to address capacity booking information
1800,1,"Promotional spam, no action required"
1801,2,User is asked to complete a survey before migration
1803,1,"Informational newsletter, no action required"
1805,1,Informational email with no actionable request
1806,2,"Scheduling meeting, needs response but not urgent"
1807,1,Promotional email with no required action
1808,1,Forwarded informational email with no action required
1809,1,"No actionable request, just a casual greeting"
1810,2,Requires action to call contacts but not urgent
1812,3,Deadline requires immediate action
1813,2,Candidate requests scheduling a call
1814,1,"Informational newsletter, no action required"
1815,1,Email is FYI with no action required
1816,1,Informational email with no required action
1817,1,Email contains only a forwarded header with no actionable request
1818,1,Forwarded informational email with no action required
1819,3,Potential impact on campaign metrics requires immediate action
1821,1,Informational invitation with no required action
1822,2,Friendly update that warrants a reply but not urgent
1823,1,"Just a casual conversation, no action required"
1824,2,Reminder about upcoming deadline requiring data entry
1825,1,Informational forward with no action required
1826,1,"Informational update, no action required"
1828,2,Request for price information requiring a response
1830,2,Job opportunity email that requires a response but is not urgent
1833,2,"Request for program evaluation and possible termination, needs response but not urgent"
1834,1,"Confirmation of attendance, no further action needed"
1835,1,"Reservation confirmation, informational only"
1836,2,Requires action and approvals but no urgent deadline
1837,3,Schedule download failed and needs immediate manual intervention
1838,1,"Informational email with attached report, no action required"
1839,2,Request for a phone number requires a response but is not urgent
1840,1,"Informational update, no action required"
1841,1,"The email contains no actionable request, only a rant and informal note"
1842,3,Urgent request to acquire domains immediately
1843,1,"Order confirmation email, no action required"
1844,1,Informational reply with no required action
1845,2,Requires response to discuss generation project
1846,1,Informational email with no required action
1847,1,"Informational press release, no action required"
1848,1,Informational summary with no required action
1850,3,Schedule download failed and requires manual intervention
1854,1,"Legal confirmation, no action required"
1855,1,"Informational newsletter, no action required"
1856,3,Potential gas supply issue requires immediate attention
1857,1,Promotional email with no required action
1858,1,Informational newsletter with no required action
1859,1,"Informational campaign email, no action needed"
1861,1,"Spam advertisement, no action required"
1862,1,"Promotional email, no urgent action required"
1863,2,Invitation requires an RSVP but is not time-sensitive
1866,1,Informational update with no immediate action required
1867,2,Request to schedule a conference call requires action but not urgent
1868,1,Promotional event announcement with no required action
1869,2,Request for assistance without explicit urgency
1870,1,Spam virus alert with no actionable request
1874,2,Requires follow‑up to arrange Power of Attorney
1875,2,Invitation requires a response to confirm attendance
1876,1,Informational forward with no required action
1878,1,FYI forwarded message with no clear action required
1879,1,Informational notice about potentially misleading pay advice
1880,1,Informal friendly check-in with no actionable request
1881,1,"Promotional spam, no action required"
1882,2,Needs response to coordinate plans
1884,1,The email is a brief confirmation with no required action
1885,1,"Promotional marketing email, no urgent action required"
1886,2,Invitation to speak requires a response
1888,1,Simple acknowledgment with no actionable request
1889,1,"Promotional email, no action required"
1890,1,The email contains only informational content with no actionable request
1891,2,Needs to fax invitation soon
1892,2,Needs clarification on reporting location before start date
1893,3,"HourAhead schedule download failed, requires immediate manual intervention"
1894,1,Promotional content with no required action
1895,1,It's an informational announcement with no required action
1898,1,Forwarded informational email with no actionable request
1899,2,Requires clarification on cancelled call and agreements
1900,1,Promotional content with no required action
1902,1,Informational daily summary with no required action
1904,1,Informal forward about football with no action required
1906,1,"Spam newsletter, no action required"
1907,1,"Informal forwarded message about football, no action required"
1908,1,"Spam promotional email, no action needed"
1909,1,Promotional email with no required action
1910,2,Requires a response to provide feedback but not urgent
1911,2,Needs clarification and response but not urgent
1912,2,Scheduling request requires a response
1913,1,"Planned outage notice, informational only"
1914,1,No actionable request; appears to be forwarded spam content
1915,2,Requires clarification about cancelled strategy call
1916,2,Request for article access requires a response but is not urgent
1917,1,"No clear request or action required, appears informational"
1918,1,FYI informational email with no required action
1919,1,Email contains only header information with no actionable request
1920,1,"Informational notice about upcoming performance cycle, no immediate action required"
1921,2,Request to resend a CV requires a response but is not urgent
1922,2,Requires response with address and contact details
1923,2,Requires response to adjust hotel room assignments
1924,1,"Promotional email, no action required"
1925,1,Promotional forward with no actionable request
1926,2,Request for tracking information requires a response but is not urgent
1927,1,"Account registration confirmation, no action required"
1928,1,It's a promotional newsletter with no required action
1929,1,"Informational notice about potential misleading pay advice, no action required"
1930,3,Meeting scheduled for 4pm requires immediate attention
1931,1,The email is a status update with no required action
1932,1,Informational study with no immediate action required
1933,1,Informational forward with no action required
1934,2,Reminder about timesheet requires response but not urgent
1936,1,Promotional email with no required action
1937,1,Invitation is informational with no urgent action required
1938,1,"Spam advertisement, no action required"
1940,1,Promotional informational email with no required action
1942,1,Forwarded message with no clear request or urgency
1943,1,It's an informational news broadcast with no required action
1944,1,"Informational newsletter, no action required"
1945,2,Request for ticket purchase or sponsorship with a two-week deadline
1946,1,Informational market speculation with no required action
1947,1,"Informational newsletter, no action required"
1948,1,Email contains internal commentary without urgent action required
1949,1,"Informational update, no action required"
1950,1,Informational reply with no urgent action needed
1951,1,"Promotional daily verse email, no action needed"
1952,1,"Informational email with article links, no action required"
1953,2,"Offers to coordinate and asks for confirmation, requiring a response"
1954,2,Request for performance feedback requires a response but is not urgent
1955,1,"No actionable request, appears informational"
1956,1,"Email contains news headlines only, no action required"
1957,2,Meeting needs to be rescheduled due to a conflict
1959,1,"Informational email with optional feedback, no urgent action required"
1960,1,"Informational newsletter, no action required"
1961,2,Invitation requests a response to keep Saturday night free
1962,1,FYI forward with no action required
1964,2,"Request to continue advocacy, not urgent"
1965,1,"User requests removal from list, no urgent action needed"
1966,1,"Informational news update, no action required"
1967,1,Just an informational update about a delayed cheque
1968,1,"Email contains only contact information, no actionable request"
1969,2,Requires response to continue dialogue on measurement issue
1970,3,Urgent response needed today for limited spots
1971,1,"Email contains no actionable request, likely informational"
1972,1,Provides status update with no immediate action required
1973,3,Urgent funding issue requires immediate action
1974,1,Newsletter content with no actionable request
1976,2,Requires reply to confirm shipping details
1978,1,"Social invitation, no urgent action required"
1981,3,Potential virus spread requires immediate action
1982,1,Informational content with no required action
1983,1,"Promotional donation request, no urgent action needed"
1984,2,Request for information/action but no urgent deadline
1985,2,Needs clarification on meeting date but not urgent
1986,1,Informational alert with no immediate action required
1987,2,Contains a casual question that requires a response but is not urgent
1988,2,"Request to locate a document, requires action but not urgent"
1989,1,Informational update with no required action
1990,1,Informational news update with no required action
1991,2,Requires clarification and correction of invoice details
1992,1,Informational market update with no required action
1993,1,Informational holiday note with no required action
1995,2,Request for a meeting to discuss Envision and timetable
1996,1,Promotional content with no required action
1997,1,Informational newsletter with no required action
1998,1,"Informational newsletter, no action required"
1999,1,Email only provides an attachment with no required action
2000,1,"Spam promotional email, no action required"
2002,1,Forwarded informational email with no action required
2003,1,Informational weekly report with no required action
2004,1,"Informational bulletin, no action required"
2007,2,Requires a timely response to confirm meeting time
2008,2,Request to set up a standing weekly call requires a response but is not urgent
2009,1,"Newsletter announcement, no action needed"
2010,1,Informational forward with no clear action required
2011,1,"Informational welcome email, no action required"
2012,1,Unsolicited advertisement with no actionable request
2013,2,Requires a prompt response to arrange a meeting
2014,1,"No actionable request, just informal conversation"
2015,1,"User requests to stop reply-all, no urgent action needed"
2016,1,Informational newsletter with no required action
2017,1,Promotional content with no required action
2018,1,"Spam advertisement, no action required"
2019,1,Informational forward with no required action
2020,3,Urgent follow‑up needed before tomorrow's meeting
2021,1,"Promotional travel deal, no action required"
2023,1,Provides informational content with no required action
2024,1,"Informational newsletter, no action required"
2025,2,Invitation that needs a response but is not urgent
2026,1,"Promotional spam, no action required"
2027,2,Friendly catch‑up requires a reply but is not urgent
2028,2,Requires response to provide feedback but not urgent
2029,1,Status update with no action required
2030,1,"Informational, no action needed"
2031,3,Urgent closing date and required documents need immediate attention
2032,1,The email is an informational update with no required action
2035,1,Spam promotional email with no required action
2036,1,Spam advertisement with no actionable request
2037,1,"Informal personal update, no action required"
2038,1,Informational email with no required action
2039,2,Requires coordinating a meeting time
2040,1,The email appears to be a forwarded informational message without a clear request or deadline
2041,2,Request to include Chamber of Commerce on petition requires action but is not urgent
2042,1,"Informational update, no action required"
2043,1,Informational newsletter with no required action
2045,2,Request for financial data requiring a response but not urgent
2046,1,Informational newsletter with no required action
2047,1,"Promotional volunteer request, no urgent action needed"
2048,1,Informational email with no required action
2049,1,"Informational weather forecast, no action required"
2050,2,"Invitation to info session, requires response but not urgent"
2051,2,Rescheduled meeting requires response if unable to attend
2052,3,Subject flags urgent and likely requires immediate action
2053,1,"Informal comment, no action required"
2054,1,"Promotional coupon, no urgent action required"
2055,1,"Spam promotional email, no action needed"
2056,2,Request for assistance without explicit urgency
2057,3,Schedule download failed and needs immediate manual intervention
2058,2,"Request for information about unknown parties, not urgent"
2059,1,Informational newsletter with no required action
2060,2,Need to coordinate meeting times
2061,1,Informational update with no required action
2062,1,"Informational newsletter, no action required"
2063,1,Forwarded message contains no clear request or deadline
2064,1,"Informational decline, no action needed"
2065,1,"Informational political update, no action needed"
2066,1,"Informational auction completion notice, no action required"
2067,2,Needs a response regarding contract terms and fee reimbursement
2068,1,"Promotional content, no action required"
2069,1,"Informational notice about board election, no action required"
2070,3,Schedule download failed and requires immediate manual intervention
2071,1,"Spam promotional email, no action required"
2072,2,Request for meeting details requires a response
2073,1,"Scam offer, no legitimate action required"
2074,1,"Spam promotional sweepstakes, no action required"
2075,2,The email asks for a response but provides no urgent deadline
2076,2,Needs clarification and response but not urgent
2077,1,Informational summary with no required action
2078,2,Request for work location update requires a response but is not urgent
2079,1,"No clear request or urgency, just informal commentary"
2080,2,Requires a response but not urgent
2081,1,"Informational content, no action required"
2082,1,"Informational, no action needed"
2083,3,Urgent request to simplify process before closing in less than a week
2084,2,"Requires a response to review attached notice, but no urgent deadline indicated"
2086,2,Request for performance feedback requires a response but is not urgent
2087,1,"Spam advertisement, no action needed"
2088,1,"No clear action required, appears to be an informational forward"
2089,1,Informational recommendation with no required action
2090,1,Provides spreadsheet update with no required action
2091,3,Security alert about potential virus requires immediate action
2092,1,Informational newsletter with no required action
2093,1,"Email lacks clear request or deadline, appears informational"
2094,1,"Informational email expressing excitement, no action required"
2095,3,Schedule download failed and requires manual intervention
2098,2,Needs a response to select a photo
2099,3,Urgent visa issue threatens imminent start date
2100,1,Promotional email with no required action
2101,1,Spam content with no actionable request
2102,1,"Forwarded joke with missing attachment, no action required"
2103,2,Requires response to suggest alternative dining options
2104,1,"Email contains news mentions only, no action required"
2105,1,Promotional spam with no required action
2106,1,The email is a casual forward with no required action
2107,1,"Informal, no urgent action required"
2108,3,"HourAhead schedule download failed, requires immediate manual intervention"
2109,1,It's a news digest with no required action
2110,1,Promotional email with no required action
2113,2,Follow-up needed on legal issues
2114,1,Informational update with no required action
2115,1,"Informational press release, no action needed"
2116,1,"Informational event announcement, no action required"
2117,1,Informational forwarded contact details with no clear action required
2118,1,Informational news article with no required action
2119,2,"Acknowledgment reply, no urgent action required"
2121,1,Spam promotional email with no required action
2122,3,Needs feedback before tomorrow's meeting
2123,1,"Promotional email, no action needed"
2124,2,Requires clarification and approval response
2125,1,"Informational news summary, no action required"
2126,3,Requires immediate action to fax the signed letter today
2128,1,"Personal update, no action required"
2129,2,Requires action to call and congratulate accepted candidates
2130,2,Needs response about payment amount
2131,1,"Just a joke, no action required"
2132,1,Promotional content with no required action
2133,2,Time-sensitive fare alert requiring action
2134,3,Schedule download failed and requires manual intervention
2135,1,Informational status update with no urgent action required
2137,1,"No actionable request, just casual chat"
2138,1,"Informational survey results, no action required"
2139,1,Email appears to be informational with no clear action required
2140,1,Informational FYI with no required action
2141,1,Email is spam/advertising with no actionable request
2142,1,Promotional newsletter with no required action
2143,1,Event invitation with no urgent action required
2144,1,"Informational newsletter, no action required"
2145,1,Promotional content with no required action
2146,1,"Automated daily report, no action required"
2147,1,It's an informational market update with no urgent action required
2148,1,"No actionable request, appears informational"
2149,2,Technical question requiring a response but not urgent
2150,1,Informational forwarded message with no clear action required
2152,1,"Promotional offer, no action required"
2153,2,Requires response to adjust event timing
2154,1,FYI forward with no urgent action required
2155,1,Advertisement with no required action
2156,1,Informational news update with no required action
2157,1,"Promotional fare alert, no urgent action required"
2158,1,Informational newsletter with no required action
2159,2,Needs a response to adjust presentation content
2160,3,Potential malware spread requires immediate action
2161,2,Reply requested but not time-sensitive
2162,2,Requires a response but not urgent
2163,3,Schedule download failed and manual intervention is required immediately
2164,1,"Spam advertisement, no action needed"
2166,1,Informational comment with no required action
2167,1,"Informational update about future congestion zones, no immediate action required"
2168,1,Promotional content with no required action
2169,1,Informational email with no required action
2170,1,Informational survey email with no urgent action required
2171,1,Promotional content with no actionable request
2172,1,The email is a forwarded humorous message with no required action
2173,1,"Promotional travel newsletter, no action required"
2177,1,"Informational forward, no action required"
2178,2,"Needs a response to discuss property purchase details, but not urgent"
2179,2,Requires a response but not urgent
2180,1,"Informational note, no action required"
2181,2,Needs a reply to reschedule but not urgent
2182,1,Email contains praise and status update with no required action
2184,1,Forwarded humor content with no actionable request
2185,1,"Provides meeting details, no action required"
2186,1,Informational update with no required action
2187,2,Needs a response to schedule discussion tomorrow
2188,3,Scheduled conference call same day requires immediate attention
2189,1,Email appears to be informational with no clear action required
2190,2,Needs response to incorporate testimony additions
2191,2,Needs response to confirm interview schedule
2192,1,Informational forward with no action required
2194,1,Informational forward with no required action
2195,2,Request for feedback but no urgent deadline
2197,2,Sender requests comments but no urgent deadline
2198,1,Informal inquiry about books with no urgent action required
2199,2,Requires response but not urgent
2200,1,"Spam promotional email, no action required"
2201,1,"Informational notice about breakfast, no action required"
2203,1,Unsolicited link with no actionable request
2204,1,Promotional email with no action required
2205,2,Request requires action to organize a holiday party
2207,1,"Spam promotional email, no action required"
2209,3,System failure requires immediate manual intervention
2210,1,Informational email with no required action
2211,1,Message contains no actionable request
2213,1,Informational forward with no required action
2214,1,It's a forwarded announcement with no required action
2216,1,Informational memo with no required action
2217,1,Informational newsletter with no required action
2218,1,Promotional email with no required action
2220,3,Requires response within 30 minutes
2221,1,"Informational confirmation, no action required"
2222,2,Requires follow‑up to finalize royalty numbers
2224,1,Condolence message with no required action
2225,2,Requires a response but not urgent
2227,1,Informational newsletter with no required action
2228,2,Request for price change approval requires a response but is not urgent
2229,1,"Promotional spam, no action required"
2230,3,Urgent request to arrange calls and a conference room for tomorrow
2231,1,"Informational update about well status, no action required"
2232,2,Requires clarification response but not urgent
2233,1,"Informational newsletter, no action required"
2234,2,Requires a response to arrange discussion of the meeting
2235,1,Promotional email with no required action
2236,2,Needs clarification on book responsibilities
2237,1,Informational invitation with no urgent action required
2238,1,"Informational update, no action required"
2239,3,Urgent action needed for upcoming FERC proceedings
2240,1,"Informational news about Enron, no action required"
2241,1,Message lacks clear request or urgency
2242,1,"Promotional sale email, no action required"
2243,2,Needs clarification on contract delivery point
2244,2,Needs a response but not urgent
2245,1,"Informational news summary, no action required"
2246,1,"Horoscope email is informational, no action needed"
2247,1,"No actionable content, just a forwarded poem"
2248,1,"Spam/phishing link, no action required"
2249,1,"Informational notice about upcoming reading materials, no response needed"
2251,1,"Informational news update, no action required"
2252,2,Request to nominate heroes requires action but is not urgent
2253,2,A request for participation that requires a response but has no urgent deadline
2254,1,"Informational content, no action required"
2255,1,"Friendly catch-up, no action required"
2256,2,Job inquiry requires response but not urgent
2257,1,Informational FYI with no action required
2259,1,"No actionable request, just a casual message"
2260,2,Requires a response but not urgent
2261,1,"The email only provides a meeting room reservation, no action required"
2262,3,Meeting scheduled for today requires immediate attention
2263,2,Requires response to address regulatory concerns
2265,1,"Informational update about ski terrain, no action required"
2266,1,Promotional spam with no required action
2267,2,Needs response about contract obligations
2268,2,Request to schedule a meeting and redraft documents
2269,1,It's a joke with no required action
2270,1,Informational newsletter with no required action
2271,1,"Spam advertisement, no action required"
2272,1,Informational newsletter with no required action
2273,1,"Informational announcement about a merger, no action required"
2274,1,Informational update with no required action
2276,1,"Informational market update, no action required"
2277,2,Needs a response to coordinate bike drop-off and provide an email address
2278,3,Multiple schedule variances detected requiring immediate attention
2279,1,Promotional marketing email with no required action
2280,2,Requires registration action but not urgent
2281,1,"Promotional marketing email, no action required"
2283,1,Informational update with no required action
2284,1,"Marketing spam with unsubscribe request, no urgent action needed"
2285,2,"Request for alumni support, not urgent"
2286,1,Informational content with no action required
2287,2,Vague question likely needs a response but not urgent
2288,1,Provides status update with no required action
2289,1,"Email contains informational news mentions, no action required"
2290,2,"Needs clarification and electronic form, but not urgent"
2291,2,Forwarded note about a redlined document likely needs review
2292,1,Informational email with no immediate action required
2294,1,"Informational forward about an article, no action required"
2295,1,"Personal check-in, no action needed"
2297,1,"Informational conference announcement, no action required"
2298,1,"Promotional fare alert, no urgent action required"
2299,1,Informational update with no required action
2300,2,Requires response to confirm attendance
2301,2,Needs response to clarify responsibilities
2302,1,Informational newsletter with no required action
2303,2,Requires response to process settlement agreements
2304,1,"Spam promotional email, no action required"
2305,1,The email is an informational daily verse with no required action
2306,2,"Confirming meeting time, requires response but not urgent"
2307,1,"Promotional voting request, no urgent action required"
2308,2,Requires input for schedule updates but not urgent
2309,1,Informational update with no required action
2310,1,Promotional content with no required action
2311,1,It's a forwarded message with no actionable request
2312,1,FYI forwarded message with no action required
2313,2,Requires response to hotel reservation request but not urgent
2314,1,"Informational conference announcement, no immediate action needed"
2318,1,Informational newsletter with no required action
2319,1,"Informational praise, no action needed"
2320,2,Invitation requires a response but is not urgent
2323,1,Informational update with no immediate action required
2325,2,"Provides requested contacts, no urgent action needed"
2326,1,Informational newsletter with no required action
2327,1,Informational announcement about a new employee service
2328,1,"Welcome email, no action required"
2329,1,Email contains only a forwarded header with no actionable request
2330,1,Email appears to be a forwarded greeting with no clear action required
2331,1,Simple acknowledgment with no required action
2332,1,Informational news update with no required action
2333,1,"Informational list of articles, no action needed"
2334,1,"Promotional event invitation, no immediate action required"
2337,2,"Request to record a $200 donation, requires action but not urgent"
2338,2,Needs response about comments but not urgent
2339,3,Urgent cash flow issue requiring immediate attention
2340,1,"Informational e-report, no action required"
2341,2,"Request for attorney referral, not urgent"
2344,1,Informational forwarded content with no required action
2345,2,Needs response to coordinate agreements
2346,1,"Informational newsletter, no action required"
2348,2,"Request for clarification about a deal settlement, not urgent"
2350,1,Informational data sharing with no immediate action required
2351,2,"The email seeks a response to reconnect, but is not time-sensitive"
2352,1,"Spam promotional email, no action required"
2353,1,"Provides informational confirmation, no action needed"
2354,1,Informational press report with no required action
2355,1,"Informational commendation, no action required"
2356,1,Promotional newsletter with no actionable request
2357,1,Email contains informational news updates with no required action
2359,1,Promotional email with no required action
2360,2,"Needs clarification on service timing and fees, requires a response"
2362,1,Promotional spam with no required action
2363,2,Question about document version requires a response
2364,1,"Promotional marketing email, no action required"
2365,2,Invitation requires a response but is not time-sensitive
2366,2,Meeting request requires scheduling
2367,1,Promotional spam with no actionable request
2368,1,Promotional email with no required action
2369,2,Requires a response but not urgent
2370,1,Informational notice about a past presentation
2371,1,The email is a venting message with no actionable request
2372,1,Informational news with no required action
2373,2,Request for input on project requirements but not urgent
2374,1,Spam-like promotional email with no required action
2375,1,Informational update with no required action
2376,1,Informational content with no required action
2377,1,It's a forwarded newsletter with no required action
2378,3,Claims personal danger and urgent safety concern
2379,1,Forwarded informational message with no actionable request
2380,1,"Promotional email, no action required"
2381,1,Promotional spam with no required action
2382,1,Informal conversation with no actionable request
2383,1,"Spam/marketing content, no action required"
2384,3,Sender is leaving in 15 minutes and requests immediate response
2385,2,Health-related query needing a timely response
2386,1,"Thank you note, no action required"
2387,1,"Informational newsletter, no action required"
2388,1,Informational event announcement with no required action
2389,1,Informal forwarded message with no clear action required
2391,1,Email contains only a forwarded notice with no actionable request
2392,3,Meeting scheduled for tomorrow requires immediate attention
2393,1,Informational market commentary with no required action
2394,1,"Informational newsletter, no action required"
2395,1,"Promotional newsletter, no action required"
2396,1,Informational congratulatory message with no required action
2397,1,It's an informational newsletter with no required action
2398,3,Urgent request for rapid consideration of BME/SCD price interactions
2400,1,Informal comment with no actionable request
2401,2,Sender expresses disappointment and expects a response
2402,1,"Agreement with invitation list, no action needed"
2403,1,Informational conference announcement with no required action
2405,1,It's an informational newsletter with no actionable request
2406,1,"Promotional ticket offer, no immediate action required"
2407,2,Requires response regarding acquisition but no urgent deadline
2408,1,"Meeting notes are informational, no action required"
2409,2,Friendly personal email that needs a response but is not urgent
2410,1,"Spam promotional email, no action required"
2411,1,"Promotional discount email, no urgent action needed"
2412,1,"Promotional email, no action required"
2413,3,Marked high importance and appears urgent
2414,1,Informational update with no immediate action required
2415,1,"Email contains only garbled attachment info, no actionable request"
2417,1,It's a news digest with no required action
2418,1,Promotional travel deals with no required action
2419,3,Schedule download failed and requires immediate manual intervention
2420,1,"General request to forward information, no urgent action required"
2421,1,Informational newsletter with no action required
2422,1,Forwarded informational email with no clear action required
2423,2,Recipient is asked to respond to the forwarded article
2424,1,"Informational donation request, no immediate action required"
2425,1,"Promotional content, no action needed"
2426,1,Promotional spam with no required action
2428,2,Needs response to confirm meeting availability
2429,1,Generic alert with no actionable request
2430,2,Request to schedule a teleconference for conference preparation
2432,1,Forwarded informational email with no clear action required
2433,1,"Informational newsletter, no action required"
2434,1,"Meeting reminder, no action required"
2436,1,Informational daily summary with no required action
2437,1,Informational FYI with no required action
2438,1,Promotional conference announcement with no required action
2439,1,"Email contains no actionable request, only an exclamation"
2440,1,"Just a thank you, no action required"
2441,1,"Promotional spam, no action required"
2442,2,"Needs a response to clarify agreement generation, but not urgent"
2443,2,Instruction to include specific people in future communications
2445,2,Needs a response to address contract and schedule issues
2446,1,Promotional email with no required action
2448,1,Email only provides additional information with no required action
2450,1,Informal chat with no urgent action required
2452,1,The email is a casual inquiry with no urgent action required
2453,2,"Casual lunch question, needs a reply but not urgent"
2454,2,Requires clarification and response but not urgent
2455,1,Informational newsletter with no required action
2456,1,Informational notice of upcoming absence
2457,3,Urgent operational issues affecting licensing and regulatory compliance
2458,1,Informational forward with no required action
2459,1,Informational announcement about upcoming course schedule
2460,1,Informational update with no immediate action required
2461,1,"Promotional travel offer, no immediate action required"
2462,1,"Spam advertisement, no action required"
2463,2,Needs acknowledgment of go-ahead for call
2464,1,Email is a forwarded message with no clear action required
2465,1,Promotional invitation with no urgent action required
2466,1,Generic sales inquiry with no urgent deadline
2467,3,Requires immediate response to schedule next-day interview
2468,1,Forwarded inspirational message with no actionable request
2470,1,Promotional spam with no required action
2471,1,Promotional spam with no required action
2472,2,Request for NDA copy requires a response but is not urgent
2473,1,Informational announcement with no required action
2474,1,Informational market update with no required action
2475,2,"Requires a response to confirm file handling, but not urgent"
2477,1,Informational news article with no required action
2478,1,"Informational update about indexes, no action required"
2479,1,The email is a personal comment with no required action
2480,1,Promotional email with no urgent action required
2482,1,"Informational comment, no action needed"
2483,1,Informational event invitation with no urgent action required
2484,1,"Thank you note, no action required"
2485,1,Email contains no clear actionable request
2486,1,It's a reminder about confidentiality with no urgent action required
2487,1,Informational event notice with no required action
2488,1,"Spam advertisement, no action needed"
2489,1,"FYI only, no action required"
2490,1,"Informational update, no action required"
2492,2,Needs a response but not urgent
2493,1,"Informational notice of a past name change, no action required"
2495,1,"Promotional email, no action required"
2496,1,"Informational email about migration, no action required"
2498,3,Past due invoice requires immediate action
2500,3,Need to confirm meeting and food for tomorrow
2501,2,Needs clarification on product description differences
2502,2,Contains a request to respond but not time-sensitive
2503,1,"Email contains praise only, no action required"
2505,1,Promotional email with no required action
2507,1,"Informational newsletter, no action required"
2508,2,The email requests feedback on concert plans but is not urgent
2509,1,"Informational news about Enron, no action required"
2510,2,Needs clarification and response
2511,1,"The email is FYI with non‑substantive changes, no action required"
2512,1,Promotional email with no required action
2513,1,Email only forwards items without a clear action or deadline
2514,2,Follow-up likely requires a response but is not urgent
2515,1,Informational newsletter with no required action
2517,1,Informational forward with no clear action required
2518,1,Forwarded message contains no clear request or urgency
2519,2,Requires a response but not urgent
2520,2,Requires response to coordinate upcoming meeting
2521,1,Informational newsletter with no required action
2522,1,"Simple meeting confirmation, no urgent action"
2523,3,Urgent advice about tomorrow's conference call
2524,1,Promotional email with no required action
2525,2,Needs sign-off but not urgent
2526,1,It's a newsletter with no actionable request
2527,1,"Informational announcement, no action required"
2528,2,Request for items requires a response but is not urgent
2529,2,Needs a response to confirm event time
2530,2,Legal indemnity claim requires response but no immediate deadline indicated
2531,1,"Informational press report, no action required"
2532,1,Promotional forwarded message with no actionable request
2533,2,Requires response to provide feedback but not urgent
2534,1,"Informational news snippet, no action required"
2535,3,Reminder about same-day info sessions requiring immediate attention
2536,3,Urgent request to complete finance presentation by end of next week
2537,1,Informational news with no required action
2538,1,Informational content with no required action
2539,1,Promotional rewards email with no required action
2540,1,Promotional email with no required action
2541,1,Informational forward with no required action
2542,1,Informational newsletter with no required action
2543,2,Needs a response to coordinate meeting date
2544,1,"Promotional email, no action required"
2545,2,Requires review and response but no urgent deadline
2546,1,"Informational comment, no action required"
2547,1,Casual personal message with no urgent request
2548,1,Informational log with no required action
2549,2,Requires scheduling confirmation and coordination for upcoming presentation
2550,1,"Spam advertisement, no action required"
2551,1,Informational forward with no required action
2552,3,Urgent deadline with potential bankruptcy risk
2553,1,Informational forwarded message with no required action
2554,1,"Promotional conference schedule, no action required"
2555,1,Newsletter content is informational with no required action
2558,1,The email is vague and does not require immediate action
2559,1,Promotional content with no required action
2560,1,"Informational alert about regulatory changes, no immediate action needed"
2561,1,Promotional newsletter with no required action
2562,1,Meeting schedule notice with no required action
2563,2,"Suggests follow-up next week, requires response but not urgent"
2564,1,Informational acknowledgment with no required action
2566,1,"Informational news summary, no action required"
2567,1,Informational schedule update with no required action
2568,1,"Informational update about regulatory order, no action required"
2570,2,Subject flags importance but no urgent deadline is indicated
2571,1,Informational announcement with no required action
2574,1,Promotional informational email with no required action
2575,1,Informational notice about potential misleading pay advice
2577,2,"Request for clarification on regulations and pricing, needs a response but not urgent"
2579,1,"Informational announcement, no action required"
2580,2,Requires a response to address the dispute but no immediate deadline
2582,1,Informational announcement with no required action
2584,2,Sender asks about missing attachment and needs clarification
2585,1,Informational email with no required action
2586,1,"Out of office notice, no action required"
2587,1,Informational forward with no action required
2588,1,"Informational announcement, no action required"
2590,2,Requires arranging an invitation for an upcoming lunch
2591,1,Informational newsletter with no required action
2593,2,"Sender seeks clarification about prior submission, not urgent"
2596,3,"Subject explicitly states urgent response required, indicating a time-sensitive matter"
2597,1,It's an informational market update with no required action
2598,1,Pay advice is informational and does not require immediate action
2599,2,Requires response about FERC order but not urgent
2600,1,Newsletter content is informational with no required action
2601,1,Brief thank‑you note with no action required
2603,1,Informational forwarded email with no clear action required
2604,1,Informational press report with no required action
2605,2,Reply requested for invoice role clarification
2606,2,Question about process and confidentiality requires a response but is not urgent
2607,2,Requires clarification response but not urgent
2608,1,"Informational market update, no action required"
2609,2,Needs a response to clarify potential emissions fee liability
2611,1,Informational forward with no action required
2613,2,Requires a response but not urgent
2614,1,"Provides updated contact info, no action required"
2616,1,"Email only confirms dates, no further action needed"
2617,1,"Informational update, no action required"
2618,2,Requires action on pricing calculation but not urgent
2619,1,"Unsolicited promotional email, no action required"
2620,2,"Request for status update, requires response but not urgent"
2621,1,Promotional email with no required action
2622,1,Informational newsletter with no required action
2623,1,Informational newsletter with no required action
2625,1,Provides informational articles with no required action
2626,2,Job application requires a response but is not urgent
2629,1,Promotional spam with no required action
2630,1,Informational update with no required action
2633,1,"Informational newsletter, no action required"
2634,1,Promotional newsletter with no required action
2635,1,"Spam promotional email, no action required"
2636,1,"No clear request or urgency, likely informational"
2637,3,Crisis mentioned requires immediate attention
2638,1,"Informational update, no action required"
2639,3,Meeting scheduled for tomorrow requires immediate attention
2640,1,"Informational news article, no action required"
2641,1,"Promotional newsletter, no action required"
2642,2,Likely a scheduling discussion that needs a response but not urgent
2643,1,"Informational forwarded content, no action required"
2644,1,Promotional email with no actionable request
2645,1,Informational forward with no required action
2646,1,Informational FYI with no required action
2647,3,Virus alert requires immediate attention
2648,1,Informational email with no immediate action required
2649,2,Needs response to update agreement but not urgent
2650,1,The email is a thank‑you note with no required action
2652,2,Invitation to training requires a response but is not urgent
2653,1,It's an informal party invitation with no urgent action required
2654,1,Informational forward with no required action
2655,1,"Informational newsletter, no action required"
2656,3,Deadline requires immediate action before October 26
2657,1,Email only provides documents with no urgent request
2659,2,Question requires a response but is not urgent
2660,1,Spam advertisement with no required action
2661,1,"Informational Earth day update, no action needed"
2662,2,Requires drafting comments but not time-sensitive
2663,1,Out-of-office notice with no immediate action required
2664,1,"Informational news broadcast, no action required"
2665,3,Meeting scheduled for today requires immediate attention
2666,1,Email contains only forwarded addresses with no actionable request
2667,1,"Informational recap, no action needed"
2668,2,Requires employee action but not urgent
2669,1,Promotional content with no required action
2670,3,Urgent request to present arguments before commission decision
2671,1,Informational notice with no immediate action required
2672,1,"Promotional sales email, no urgent action required"
2675,1,"Informational forward about a meeting, no action required"
2676,3,Requires immediate response to confirm tomorrow's phone call
2678,1,Email is informational with no clear action required
2680,2,Issue with mislabelled P&L data requires response
2681,1,Undeliverable notice is informational and requires no urgent action
2682,1,"Informational news, no action required"
2683,1,"Informational market update, no action required"
2684,1,Email contains only header information with no actionable request
2686,1,Message appears truncated and contains no actionable request
2687,1,Informational update with no required action
2688,1,Promotional spam with no required action
2689,1,Informational update with no action required
2690,1,"Informational news summary, no action required"
2691,1,"Informational update about seminars, no action required"
2692,1,Promotional trial offer with no urgent action required
2693,2,"Suggests scheduling a practice and scrimmage, requiring a response but not urgent"
2696,2,"Simple request to print and file, not urgent"
2697,1,"Spam promotional email, no action required"
2699,1,"Spam promotional email, no action required"
2702,1,Informational email with no required action
2703,1,Informational news update with no required action
2705,1,"Informational report, no action required"
2706,1,"Informational newsletter, no action required"
2707,1,"Informational newsletter, no action needed"
2708,1,"Promotional spam, no action required"
2709,1,Promotional spam with no required action
2710,2,Needs a response to decide who will send the document
2711,1,Irrelevant content with no actionable request
2712,1,Informational announcement with no required action
2714,1,"Promotional spam, no action needed"
2716,2,Requires review and possible follow‑up but not urgent
2717,1,It's an informational news update with no required action
2718,2,Request for action but no urgent deadline
2719,1,"Informational newsletter, no action required"
2720,1,Forwarded message with no actionable request
2722,1,Informational update with no required action
2723,2,Needs confirmation for book preface
2724,1,Informational event invitation with no immediate action required
2725,2,Needs response to confirm interest in committee participation
2726,1,Informational email with no required action
2727,1,"Just a forwarded joke, no action needed"
2728,1,"Promotional spam, no action required"
2729,1,Promotional spam with no required action
2730,1,Informational update with no immediate action required
2731,1,"No actionable request, appears informal and non-urgent"
2732,2,Requires response to discuss contract changes
2733,1,"Order confirmation, no action required"
2734,1,Informational reply with no required action
2735,3,Schedule download failed and requires immediate manual intervention
2736,1,Promotional devotional email with no required action
2737,2,Sender requests scheduling a call and needs a response
2738,1,The email is a simple forward with no urgent request
2739,1,"Informational replay, no action required"
2740,3,Schedule download failed and requires manual intervention
2742,1,Promotional spam with no required action
2743,2,Needs response to discuss invoicing and volume differences
2744,1,"Informational announcement, no action required"
2745,1,Promotional spam with no required action
2746,2,The email requests input on a regulatory issue but is not time‑critical
2748,1,"No actionable request, just a thank you"
2749,1,"Informational promotional content, no action required"
2750,1,"Informational update about player injuries, no action required"
2751,2,Request for book codes requires a response but is not urgent
2752,1,"Email contains only contact details and forwarding notice, no actionable request"
2753,1,"No actionable request, just a friendly note"
2754,1,Promotional spam with no required action
2755,1,Informal personal note with no actionable request
2756,1,"No actionable request, just a forwarded message"
2757,2,Requires a response to the inquiry but not urgent
2758,2,Request for a job opportunity requires a response but is not urgent
2759,2,Requires a response but not urgent
2760,2,Request for information requires a response but is not urgent
2761,2,Contains actionable political update requiring follow-up
2762,1,"Informational update about beta testing, no immediate action required"
2764,1,"Promotional event invitation, no action required"
2765,1,Informational news update with no required action
2767,2,"Needs clarification on contract terms, not urgent"
2768,1,Informational meeting notice with no urgent action
2769,1,"Informational email providing documents, no action required"
2770,2,Request for clarification on next steps and SAP plan
2771,1,"Promotional sale email, no action required"
2773,2,Requires confirming interview schedule soon
2775,1,Acknowledgment with no required action
2776,1,"Scam email offering free product, no action required"
2777,1,"Casual invitation, no urgent action needed"
2778,1,"Informational news, no action required"
2779,1,The email is an FYI forward with no clear action required
2781,1,Informational update with no immediate action required
2783,1,"Informational announcement, no action required"
2784,1,It's a forwarded newsletter with no actionable request
2785,1,Informational announcement with no required action
2786,1,Informational forward with no clear action required
2787,1,Forwarded message appears informational with no clear action required
2789,2,Requires clarification response about contact person
2790,1,"Automated daily report, no action required"
2791,1,"Informational newsletter, no action required"
2792,2,Requires response to confirm receipt but not urgent
2793,2,Polish request likely needs a response but not urgent
2794,1,Promotional newsletter with no required action
2796,3,Schedule download failed and requires manual intervention
2797,2,Email discusses draft questions and likely needs a response but is not urgent
2798,1,Informational content with no required action
2799,1,Informational email with no actionable request
2800,1,"Unsolicited promotional email, no action needed"
2802,3,Schedule download failed and requires immediate manual intervention
2806,1,Informational announcement with no required action
2807,2,"Reminder to sign up for lunch, not urgent"
2808,1,Informational forwarded message with no required action
2809,2,Needs a response but not time-sensitive
2810,2,Requires confirmation but not urgent
2812,2,Potential request for help requires response but not urgent
2813,2,Invoice reference requires a response but is not urgent
2814,3,Potential market manipulation requires urgent investigation
2816,1,Promotional content with no required action
2817,1,Informational email with no action required
2818,1,Informational forwarded email with no clear action required
2820,1,Promotional email with no required action
2821,1,"Promotional contest email, no urgent action required"
2822,2,Needs response to confirm event location but not urgent
2823,3,Urgent request for hearing date extension
2824,1,"Spam advertisement, no action needed"
2825,1,Informational update with no required action
2826,1,Forwarded prayer email is informational with no required action
2828,2,Needs a response to address implementation concerns but not urgent
2829,1,It's an informational reminder about a future broadcast
2830,1,"Just a comment, no action required"
2831,1,"Spam advertisement, no action needed"
2832,1,Email contains only a forwarded comment with no action required
2833,1,"Informational news alert, no immediate action required"
2834,1,FYI with no action required
2835,1,Informational market update with no required action
2836,1,Newsletter content with no action required
2837,1,Informational forwarded message with no required action
2838,1,"Informational news article, no action required"
2839,1,Promotional email with no required action
2840,3,Potential extremist misinformation requiring immediate review
2841,1,Informational newsletter with no required action
2842,1,"Promotional sales email, no urgent action required"
2843,1,"Informational weather forecast, no action required"
2844,2,Contains a request for a response but no urgent deadline
2845,1,"Informational newsletter, no action required"
2846,1,"Informational update, no action required"
2848,1,The email is a brief apology with no actionable request
2849,3,Sender expresses fear and urgency about a system issue
2850,3,Urgent deadline requires immediate action
2851,1,Informational newsletter with no required action
2852,1,Informational email with no required action
2853,1,Email is informational with no clear action required
2854,2,Request for legal name and account resolutions requires a response
2855,1,"Spam advertisement, no action required"
2856,1,Simple meeting confirmation with no required action
2857,2,The email requests suggested additions and likely needs a response
2858,1,Promotional newsletter with no required action
2859,2,Requires a response but not urgent
2861,1,General informational memo about cost savings
2862,2,Informational update that likely requires a response but not urgent
2863,1,"Enthusiastic forward, no action required"
2864,1,Personal complaint with no urgent action required
2865,2,"Internal issue flagged, requires response but not urgent"
2866,1,"Informational news digest, no action required"
2867,2,Contains questions requiring a response but no urgent deadline
2868,3,Urgent action needed before Tuesday
2870,1,FYI forward with no required action
2871,2,Requires coordination for upcoming meetings
2872,1,"Informational weather forecast, no action needed"
2873,2,Technical question that needs a response but is not urgent
2874,2,Request for document revisions and return
2875,1,"Informational memo about upcoming performance cycle, no immediate action required"
2877,3,Schedule download failed and needs immediate manual intervention
2878,2,Requires a response to confirm meeting time
2879,2,Request to print documents requires action but has no urgent deadline
2880,1,"Just a friendly comment, no action needed"
2881,2,Request for guidance requires a response but no urgent deadline indicated
2884,3,Invitation for same-day activity requires immediate response
2885,1,"Informational bullet points, no action required"
2886,1,"Informational news about energy, no action required"
2887,1,"Just a congratulatory note, no action needed"
2888,1,Promotional event notice with no required action
2889,1,Informational FYI with no required action
2891,1,"Informational announcement, no action required"
2892,1,"Informational newsletter, no action required"
2893,2,Potential meeting coordination requires response
2894,1,Casual scheduling note with no urgent action required
2895,1,"Spam advertisement, no action required"
2896,1,Promotional spam with no required action
2897,1,"Promotional travel information, no action required"
2898,2,"Addresses internal culture issue, not urgent"
2899,2,Needs clarification response but not urgent
2900,1,Informational forward with no immediate action required
2901,1,Promotional content with no actionable request
2902,1,Informational update with no required action
2903,1,Email contains only broken image links and no actionable content
2904,1,"No urgent action required, just informational discussion"
2906,1,Promotional email with no required action
2907,1,Informational event announcement with no required action
2908,1,Promotional spam with no actionable request
2910,2,Contains a question requiring a response but not urgent
2911,1,Casual check‑in with no required action
2912,1,Friendly invitation with no urgent action required
2913,1,"Spam advertisement, no action required"
2914,1,Informational news update with no required action
2915,3,Urgent meeting request for the next day
2916,1,Informational update with no required action
2917,1,Email contains praise and no actionable request
2918,1,Informational alert with no required action
2920,1,"Unsolicited spam with malicious link, no action required"
2921,1,Informational email with no action required
2922,2,Requires a response to arrange a lunch meeting and a call
2923,1,"Promotional spam, no action required"
2924,1,Email contains only a forwarded header with no actionable request
2926,1,Informational report with no required action
2927,1,The email is an informational forward with no urgent action required
2928,1,Informal request with no urgent action required
2930,2,Requires sending an invitation soon for an upcoming July trip
2931,1,"Promotional travel deal, no action required"
2933,1,"Informational announcement about organizational changes, no action required"
2934,2,Need to provide Sitara number for recent deal
2936,1,Informational event announcement with no required action
2938,2,Needs review and confirmation but not urgent
2941,1,The email provides an informational update with no clear action required
2942,1,Informational update about exam details
2943,1,Promotional offer with no required action
2944,1,"Undeliverable notice, informational only"
2945,1,Appears to be a forwarded spam-like message with no actionable request
2947,1,Short acknowledgment with no required action
2948,1,Informational announcement with no required action
2949,1,Promotional email with no required action
2950,1,"Informational news article, no action required"
2951,1,Informational announcement of new hire start date
2952,1,"Promotional announcement, no action needed"
2954,1,Informational announcement with no required action
2955,1,"Informational newsletter, no action required"
2956,2,Requires a response but no urgent deadline indicated
2957,2,Invitation to retreat requires response but not urgent
2959,3,"Phishing email requesting identity verification, urgent action needed"
2960,2,Contains upcoming appointment requiring confirmation
2961,2,Requires forwarding and review but not urgent
2962,1,Email contains only a brief acknowledgment with no actionable request
2963,2,Invitation to info session requires response but not urgent
2964,1,Promotional content with no required action
2965,1,"Informational article, no action required"
2966,1,"Newsletter greeting, no action required"
2967,2,Needs preparation for signature
2969,1,"Informational announcement about regulatory changes, no action required"
2970,1,Promotional newsletter with no required action
2971,1,"Informational list of articles, no action required"
2972,2,"Requires a phone call to inform, but not urgent"
2973,1,Promotional content with no required action
2974,1,"Promotional announcement, no action required"
2975,3,Potential malware spread requires immediate action
2976,3,Deadline for savings plan changes requires immediate action
2977,1,Thank you note with no urgent action required
2979,1,Informational content with no required action
2980,1,Informational email with no actionable request
2981,2,Requires employees to submit feedback before the upcoming deadline
2983,1,Forwarded articles with no required action
2984,2,Needs a response to confirm scheduling
2985,1,Promotional information with no required action
2986,1,Promotional email with no required action
2987,1,Informal personal message with no clear actionable request
2988,2,Needs a follow‑up call but not urgent
2989,2,"Request to review an attachment, requires a response but not urgent"
2990,2,Request for contact information requires a response but is not urgent
2991,1,Promotional email with no urgent action required
2993,1,"Duplicate notification, no action required"
2994,1,Informational personal update with no required action
2995,1,Informational forward with no actionable request
2996,2,Request for deliverable by Friday
2997,3,Subject indicates urgent request for final documents
2998,1,Promotional game invitation with no urgent action required
2999,1,"Informational survey results, no action required"
3000,1,"Promotional spam, no action required"
3001,1,"Promotional spam, no action required"
3002,1,"Promotional travel offer, no action required"
3003,2,"FYI with a need to discuss, but no urgent deadline"
3004,1,Informational FYI with no required action
3005,2,Requires response to address legal and credit approval matters
3006,1,"Promotional spam, no action required"
3007,1,Informational update with no required action
3008,1,Informal personal message with no urgent action required
3009,1,Informational email with no actionable request
3010,1,FYI forwarded message with no action required
3011,1,"Promotional email, no action required"
3012,2,Needs response to address claim filing concerns
3013,2,"Assigns case to recipient, requires action"
3014,1,"Informational newsletter, no action required"
3015,1,"Sympathy message, no action required"
3016,1,"Promotional spam, no action required"
3017,1,Email appears to be informational with no clear action required
3018,1,Email confirms appointment and requires no further action
3019,1,Informational forward with no action required
3020,2,"Request for additional graphs, not urgent"
3021,1,"Informational notice about email address change, no action needed"
3022,2,Requires a response but not urgent
3023,2,Recipient needs to schedule a meeting early next week
3024,1,Informational update with no required action
3025,1,"Informational announcement, no action required"
3026,2,Needs review and response but not urgent
3027,2,Requires response but not urgent
3028,3,Requires immediate scheduling of a meeting today
3029,3,Urgent request to send a message this evening
3030,1,Provides schedule info with no required action
3031,1,Promotional spam with no required action
3032,2,Needs clarification on contract terms but not urgent
3033,1,"Informational news summary, no action required"
3034,1,Informational update with no required action
3035,1,Provides an informational update with no urgent action required
3036,1,"Promotional announcement, no action required"
3037,1,Informational update with no immediate action required
3038,2,Personal update that may need a reply but is not urgent
3039,1,Newsletter content with no actionable request
3040,1,Informational meeting notice
3041,1,Bounce notice is informational and requires no urgent action
3042,2,Forwarded candidate information that needs review
3043,1,"Informational newsletter, no action required"
3044,2,Requires a response to address the concern but not urgent
3045,1,Informational forward with no action required
3046,1,"Promotional email, no action required"
3047,3,Potential malware threat requires immediate action
3048,2,Action requested to adopt new procurement procedures
3049,1,"Promotional travel offer, no action required"
3051,2,Request to schedule a meeting requires a response
3052,2,Schedule change requires a response to adjust plans
3053,1,It's a forwarded holiday greeting with no required action
3054,1,"Informational content about victims, no action required"
3055,2,Needs a response about March receipts and scheduling a call
3056,2,"Request to read and return the content, not urgent"
3057,1,"Informational content, no action needed"
3058,2,Provides requested info that needs to be read but is not urgent
3059,1,"Informational about upcoming conference, no action required"
3060,1,"Informational newsletter, no action required"
3061,1,"Old bid solicitation, no immediate action needed"
3062,1,Informational newsletter with no required action
3063,1,Message is a simple correction with no required action
3064,1,Informational content with no required action
3065,1,Informational email with no required action
3066,2,Requires a response but not urgent
3067,1,"Spam chain email, no action required"
3068,2,Needs response to confirm attendance
3069,2,Requires response to schedule meetings and prepare outline
3070,1,"Informational background, no action required"
3071,2,Request for donation but not urgent
3072,1,"Confirmation of attendance, no action needed"
3073,1,"Informational response, no further action needed"
3074,2,Needs a response to clarify plans
3077,3,Urgent 24-hour reprieve requires immediate attention
3078,1,The email is a celebrity gossip article with no actionable request
3079,2,Needs a scheduling response but not urgent
3080,1,"Travel specials are informational, no action required"
3081,1,Informational email with no required action
3082,2,Request requires a response before the 1100 meeting
3084,1,"Email provides event details only, no immediate action required"
3086,1,Weekly status update is informational
3087,1,No actionable request or urgent information
3088,1,"Bounce notification, no action required"
3091,1,Promotional email with no required action
3092,2,Requires a response but not urgent
3093,1,Email contains no clear request or urgent content
3094,2,Email requests transaction documents and likely needs a response but has no explicit urgency
3095,2,Needs a response to coordinate scheduling but not urgent
3096,1,"RSVP confirmation, no further action required"
3099,2,Requires clarification and feedback but not urgent
3100,2,Requires response before sending a letter
3101,2,Requires a response to clarify billing instructions
3102,3,Potential counterparty defaults require immediate monitoring
3103,1,Email contains nonsensical content with no actionable request
3104,2,Request for trip details needed promptly
3105,1,Informational update about staffing process with no immediate action required
3107,1,Informational content with no actionable request
3108,2,Invitation requires RSVP but not urgent
3111,1,Promotional content with no actionable request
3112,1,"Informational market update, no action required"
3113,1,"Informational update about regulatory changes, no action required"
3114,3,Action items for a Senate investigation require immediate attention
3115,1,Email contains no actionable request or urgent content
3116,1,Promotional content with no required action
3117,1,"FYI informational, no action required"
3119,2,Upcoming registration deadline requires response
3120,2,Request for action but not time-sensitive
3122,1,"Promotional travel specials, no action required"
3124,3,"Schedule download failed due to insufficient disk space, requiring immediate manual intervention"
3125,1,"Informational about a wedding location change, no action required"
3126,2,Requires user to update data but no urgent deadline
3127,1,Informational email with no action required
3128,2,Benefits enrollment notice requires employee action but is not urgent
3129,2,Request for TV this month requires a response but is not urgent
3130,1,"Informational, no immediate action needed"
3131,1,"Informational personal email, no action needed"
3132,1,Informational newsletter with no urgent action required
3133,1,"Informational FYI, no action required"
3134,3,Urgent legal matter requiring immediate attention
3135,1,Informational FYI with no required action
3137,1,It's an informational newsletter with no required action
3139,1,"No actionable request, just informal greeting"
3140,1,Casual update with no urgent action required
3141,1,Informational content with no actionable request
3142,1,Informational forward with no action required
3143,1,Promotional content with no required action
3144,1,Informational event invitation with no urgent action required
3145,2,"Needs confirmation on IT request, not urgent"
3146,2,Requires follow‑up on drawings and engineering but not urgent
3147,2,Requires review and confirmation of attached list
3148,1,"Informational account confirmation, no action needed"
3149,1,It's a notification about a rainout with no required action
3150,1,"Informational newsletter, no action required"
3151,2,Request for status update requiring a response
3152,1,Promotional email with no urgent action required
3153,1,Informational chain email with no action required
3155,2,Request for response but no urgent deadline
3156,1,"Acknowledgment only, no action needed"
3157,1,Informational news with no required action
3159,1,"Informational update, no action required"
3160,1,Informational forward with no action required
3161,1,Promotional spam with no actionable request
3162,1,Email contains only contact information with no actionable request
3163,1,Informal thank-you with no required action
3164,2,Needs response about meeting logistics and case questions
3166,2,Requires review and response regarding dispute
3167,3,Urgent action required to avoid penalties
3169,1,Informational update with no required action
3170,2,Requires coordination and response but not urgent
3171,1,Informational report with no required action
3172,2,Request to forward email requires a response but is not urgent
3173,1,Promotional sale email with no required action
3174,1,"Informational forward, no action required"
3175,1,Informational forward with no required action
3176,1,Informational FYI with no required action
3177,1,The email is a forwarded message with no clear request or urgency
3179,1,"Promotional content, no action required"
3180,1,Informational newsletter with no required action
3181,1,Informational announcement with no required action
3182,3,Urgent request for corporate data to meet a tax permit deadline
3184,3,Urgent request for same-day response
3185,1,"Informational about upcoming press conference, no action required"
3186,1,No actionable request; appears to be spam or informational
3188,1,Informational response with no required action
3189,1,"Friendly greeting, no action required"
3190,1,Forwarded email contains only an image placeholder and no actionable request
3191,1,"Promotional spam, no action required"
3192,2,The email requests a response about ongoing effort but has no urgent deadline
3193,1,Forwarded message with no clear request
3194,1,"Promotional marketing email, no action required"
3195,1,Promotional holiday message with no required action
3196,1,"Informational newsletter, no action required"
3197,2,"Meeting request for future date, not urgent"
3198,1,Promotional offer with no required action
3200,2,Needs a response to discuss the deal but no urgent deadline
3201,3,Urgent request to schedule a meeting for final signoff
3202,1,Informational forward with no action required
3203,2,"Request for database migration discussion, needs response but not urgent"
3204,1,Promotional email with no required action
3205,2,Request to schedule a meeting requiring a response
3206,2,The sender asks a question that needs a reply but is not time‑critical
3207,1,"Informational notice about absence, no action required"
3208,1,Informational article with no required action
3209,1,"Informal personal message, no action required"
3211,1,"Informational email sharing documents, no urgent action required"
3213,1,"Promotional internal announcement, no urgent action required"
3214,2,"Request for fax number and legal description, not urgent"
3216,1,Informational news update with no required action
3217,1,"FYI only, no action required"
3218,1,"Just a thank-you and holiday greeting, no action required"
3220,2,"Requires drafting and coordination, needs a response but not urgent"
3221,1,Informational reply with no required action
3222,1,Email contains only forwarded content with no actionable request
3223,2,Requires action to proceed with hiring offer
3224,1,Forwarded informational message with no clear action required
3225,1,"Unsolicited marketing email, no action required"
3226,1,Promotional spam with no required action
3227,1,Provides information and documents without urgent action
3228,1,"Promotional fare alert, no urgent action required"
3229,1,"Informational FYI about new phone numbers, no action required"
3231,1,Promotional email with no required action
3233,2,Requires response but not urgent
3234,1,Promotional spam with no actionable request
3237,1,"Informational list of contacts, no immediate action required"
3238,1,Informational notice about potential pay advice discrepancy
3239,1,Forwarded informational email with no actionable request
3240,2,Requires response but not urgent
3241,1,"Informational update, no action needed"
3242,3,"Schedule download failed, manual intervention required"
3243,2,"Awaiting credit decision later today, requires follow-up"
3244,1,Spam email with no required action
3245,1,"Informational news update, no action required"
3246,1,Informational newsletter with no required action
3247,1,Email contains only a forwarded message with no clear action required
3248,1,Promotional event notice with no required action
3249,1,Informational status update with no required action
3250,3,Schedule download failed and requires manual intervention
3251,1,"Spam advertisement, no action needed"
3252,1,Email only shares a bio with no required action
3254,1,"Email contains only contact info and a casual note, no action required"
3255,1,The email is a status update with no urgent action required
3256,1,"Informational newsletter, no action required"
3257,1,"Spam advertisement, no action required"
3259,1,"Newsletter, no action required"
3260,2,Needs a response about contract terms but not urgent
3261,1,Informational update with no required action
3262,1,"Informational notice about PG&E filing, no action required"
3263,1,Informational newsletter with no required action
3265,2,Requires response about meeting involvement
3266,1,It's a routine newsletter with no required action
3267,2,The sender requests action and clarification but no immediate deadline
3268,1,Informational news with no required action
3269,1,Promotional content with no required action
3270,1,"Informational, no action required"
3271,1,"Automated fantasy football report, no action needed"
3272,2,Provides payment approval guidelines that may require acknowledgment
3273,3,Needs confirmation for a meeting scheduled tomorrow morning
3274,1,Informational schedule with no urgent action required
3275,1,Promotional email with no required action
3276,1,Informational update with no required action
3277,1,Informational announcement with no required action
3278,2,Needs a response to confirm attendance
3279,3,Answer due Friday with urgent request for comments
3280,1,Spam-like message with no actionable request
3281,2,Request for confirmation but not time-sensitive
3282,1,"Just a thank‑you note, no action required"
3283,1,"Newsletter content, no action required"
3284,1,Spam advertisement with no actionable request
3285,1,"Condolence message, no action required"
3286,1,"Event announcement, no action required"
3287,3,Urgent legal clarification required
3288,1,Promotional email with no required action
3289,1,Informational update with no required action
3290,1,Casual personal update with no required action
3291,1,"Informational, no action required"
3292,1,Personal comment with no actionable request
3293,1,Informational report with no required action
3294,1,"Informational newsletter, no action required"
3295,3,Urgent request to confirm or schedule a call today
3296,2,"Request for coordination on integration, needs response but not urgent"
3297,1,Email is a forwarded chain with no clear actionable request
3298,1,"Promotional spam, no action required"
3300,1,Informational update about past board meeting dates
3301,1,"Informational portfolio report, no action required"
3302,1,Promotional email with no required action
3304,1,Informational notice about prescription ready for pickup
3305,1,Informational forward with no action required
3306,2,Requires clarification response but not urgent
3309,1,Simple approval with no urgent action required
3311,1,"Informational report, no action required"
3312,2,"Request for RSVP, not urgent"
3313,1,"Informational announcement about organizational changes, no action required"
3314,1,"Promotional spam, no action required"
3315,1,Email contains only forwarded header with no actionable request
3317,1,"Informational newsletter, no action needed"
3318,2,"Question about worksheet assistance, needs a response but not urgent"
3320,1,"Promotional content, no action required"
3321,1,"Message only confirms receipt, no action needed"
3322,1,"Informational newsletter, no action required"
3323,1,Informational summary with no urgent action required
3324,1,Informal request with no urgent deadline
3325,2,"User requests unsubscribe, needs response but not urgent"
3326,1,"Informational newsletter, no action required"
3327,1,"No actionable request, just personal update"
3328,3,Automated schedule download failed and requires immediate manual intervention
3330,2,Request asks for a response but lacks urgent deadline
3331,2,Request for action but no urgent deadline
3332,2,Needs response but not urgent
3333,1,Promotional content with no required action
3334,3,Reminder for an event occurring today
3335,1,Informational news article with no required action
3336,1,Email is a thank‑you note with no required action
3337,1,"Informational report, no action required"
3338,3,Urgent request to revise ETA and call today
3341,2,Needs a response to arrange a meeting but not urgent
3342,1,"Informational event announcement, no action required"
3343,1,Informational update about a bill with no required action
3344,1,"Informational confirmation, no action required"
3347,1,"Informational notice of order completion, no action needed"
3348,1,Unsolicited promotional spam with no required action
3349,1,"Spam greeting, no action required"
3350,3,Urgent request for March curtailment numbers before an imminent call
3351,1,Event announcement with no required action
3352,1,"Informational marketing announcement, no action required"
3353,1,"Promotional conference announcement, no action required"
3354,3,Urgent flight schedule change requires immediate action
3355,3,Potential malware spread requires immediate action
3356,1,"Forwarded spam content, no action needed"
3357,1,Informational market update with no required action
3359,1,Informational report with no required action
3360,2,Request to present sessions requires a response but no urgent deadline
3361,2,Informative proposal requires follow-up but not urgent
3362,1,"Spam promotional email, no action needed"
3363,1,"Informational comment about net metering, no action required"
3364,2,Needs response to reschedule meeting
3365,1,"Promotional event announcement, no action required"
3366,3,The email references a make-or-break deal requiring immediate attention
3367,2,Request for summer work requires a response
3368,1,Email appears to be an informational forward with no explicit action required
3369,1,Informational update with no required action
3370,1,It's a forwarded contest announcement with no required action
3371,2,Needs coordination for upcoming committee meetings
3372,2,Request for board meeting to resolve securities disposition
3374,1,Promotional email with no required action
3376,2,Needs a response to schedule a meeting time
3377,1,Informational newsletter with no required action
3378,1,Promotional email with no required action
3379,3,Event occurs today and is time-sensitive
3380,1,"Spam advertisement, no action required"
3381,2,Requires response to discuss next design and implementation steps
3382,2,Contains a request for a response but no urgent deadline
3383,1,Promotional content with no required action
3384,1,Informational update with no required action
3385,1,"Informational announcement, no action required"
3386,1,Email contains garbled text with no actionable request
3387,1,"Promotional spam, no action needed"
3389,1,"Informational announcement, no action required"
3390,1,"Informational news digest, no action required"
3391,2,User is asked to complete a survey before migration
3392,3,Contains sensitive credentials requiring immediate attention
3393,1,Promotional content with no required action
3394,1,Promotional content with no actionable request
3395,2,Needs response to update contact information
3396,1,Informational news content with no required action
3397,1,"Personal email, no action needed"
3398,2,Action requested for new procurement procedures
3399,2,Rescheduled meeting requires a response if unable to attend
3400,2,"Requires response to scheduling and plans, but not urgent"
3403,1,"FYI only, no action required"
3404,1,"Informational content, no action required"
3405,2,Requires response regarding board placement decision
3406,1,"Informational email with contact details, no action required"
3407,1,"No actionable request, just a forwarded message"
3408,1,Generic solicitation with no urgent action required
3410,2,The email asks a question that requires a response but is not urgent
3411,2,Requires response to reschedule a meeting room
3412,3,Urgent request to populate and distribute today
3413,1,Informational reply with no urgent action required
3414,1,"Informational political content, no urgent action needed"
3416,2,Question about fax copies requires a response but not urgent
3417,1,Informational forwarded email with no clear action required
3418,1,Informational newsletter with no required action
3419,1,Informational newsletter with no required action
3420,3,Meeting scheduled for tomorrow requires immediate attendance
3421,3,Urgent legal stop payment request requiring immediate action
3422,1,"Informational announcement, no action required"
3423,1,"No actionable request, just a forwarded informational message"
3424,1,"Spam advertisement, no action required"
3426,1,Vague informational email with no urgent action required
3427,1,Message is unclear and not urgent
3428,1,"Informational comment, no action required"
3429,1,Informational invitation with no required action
3431,2,Needs clarification on contract definitions
3432,1,Informational request with no urgent action required
3433,2,"Question about portal usage, needs response but not urgent"
3434,1,"Informational forward about voting, no action required"
3435,1,Rant with no actionable request
3436,2,Needs response but not urgent
3437,3,Contains a violent threat that requires immediate attention
3438,2,Request for turbine purchase requires a response but has no urgent deadline
3439,1,"Informational confirmation, no action needed"
3440,1,"Informational newsletter, no action required"
3441,1,Email is informational with no required action
3442,1,Informational update about migration limitations
3443,2,Request to arrange a meeting requires a response but has no urgent deadline
3444,1,"Informational event notice, no action required"
3445,2,Needs a response to confirm attendance for an upcoming event
3446,1,"Promotional newsletter, no action needed"
3448,1,"Informational newsletter, no action required"
3449,1,Promotional newsletter with no actionable request
3450,1,"Promotional email, no action required"
3451,3,Requires review before the upcoming Aug 8 meeting
3452,1,Promotional newsletter with no required action
3454,1,Chain-letter style message with no required action
3455,3,High importance and confidential attorney-client matter requires immediate attention
3456,1,Promotional newsletter with no required action
3457,1,"Informational notice about an executive order, no action required"
3458,1,The email is an informational update about illness with no required action
3459,1,"Spam advertisement, no action required"
3460,1,"No actionable request, just a brief reply"
3461,2,Deadline for performance feedback requires response
3462,2,Needs a response to schedule a discussion for tomorrow
3463,1,"Order confirmation email, no action required"
3464,1,Informational request with no urgent action needed
3465,3,Schedule download failed and needs immediate manual intervention
3466,1,"Out of office notice, no immediate action required"
3467,2,"Request to review attached document, not urgent"
3468,1,Informational news alert with no required action
3469,1,"Provides information only, no action required"
3472,1,"Contains news headlines, no action needed"
3473,1,The email is a forwarded message with no clear request or urgency
3474,1,The email is an FYI forward with no clear action required
3475,3,Attending meeting today requires immediate response
3476,1,Promotional newsletter with no required action
3477,1,"Informational summary of past conference call, no action needed"
3479,2,Request for additional attachment requires a response
3480,1,"Newsletter is informational, no action required"
3481,1,Informational update with no required action
3482,1,"Automated fantasy football report, no action required"
3483,1,"Automated fantasy football report, no action required"
3484,1,"Promotional newsletter, no action required"
3485,1,Weekly status update is informational
3486,1,"Informational update, no action required"
3487,1,The email is a brief acknowledgment with no actionable request
3489,2,Contains comments that likely need a response but no urgent deadline
3492,1,Email provides informational news summary with no required action
3493,3,"Reminder about a conference call happening today, requires immediate attention"
3494,2,"Needs clarification and follow-up, not urgent"
3495,1,"Informational survey email, no action required"
3496,2,Needs clarification on tax ID usage and may require a response
3497,1,"Unsolicited promotional content, no action required"
3498,1,Informal acknowledgment with no required action
3499,1,"Informational news article, no action required"
3500,1,"Informational FYI about Christmas party, no action required"
3501,1,Meeting notice is informational with no urgent action required
3502,1,It's a forwarded humorous message with no required action
3503,2,Casual personal question that requires a response but is not urgent
3504,1,Email contains informal remarks with no clear action required
3505,1,Promotional email with no required action
3506,1,"Acknowledgement only, no action required"
3508,1,Informational update about bill schedule
3509,2,"Reply confirming a future touch base, not urgent"
3510,1,Promotional content with no actionable request
3511,1,Informational FYI with no required action
3512,2,Needs a response to choose office preference
3514,1,Spam advertisement with no actionable request
3515,2,"Request for review and comments, requires response but not urgent"
3516,2,Needs response about legal expertise but not urgent
3517,1,Informational event invitation with no required response
3518,1,"Informational about conference dates, no action required"
3519,1,"Informational update about concluded deals, no action required"
3520,3,Scheduled conference call today requires immediate action
3521,1,Promotional newsletter with no required action
3522,2,Clarification request requiring a response
3523,3,Urgent deadline requires immediate timesheet approval
3524,1,Informational email with no required action
3525,1,Forwarded game announcement with no required action
3527,1,Informational update with no required action
3529,3,Urgent request for Dell options needed today
3530,1,"Informational market update, no action required"
3531,2,"Legal opinion requested, needs a response but not immediate"
3533,1,"Unsolicited spam advertisement, no action needed"
3534,2,Sender requests prompt review of a bio
3535,1,"Unsolicited promotional spam, no action required"
3536,1,Email contains informational news summaries with no required action
3537,1,"General cost-saving suggestion, no immediate action required"
3539,2,Requires follow-up contact for questions
3540,2,Provides answers to questions and may need a reply but not urgent
3541,1,Informational announcement with no required action
3542,1,Informational update with no immediate action required
3543,1,Acknowledgment with no action needed
3544,1,Informational email with no required action
3545,1,Informational content with no required action
3546,1,Promotional email with no required action
3547,3,Email contains production credentials that need immediate security action
3548,1,"Informational newsletter, no action required"
3549,1,"Informational commentary, no action required"
3550,1,"Informational news items, no action required"
3551,1,Informational update with no required action
3552,1,"Automated bounce notice, no immediate action needed"
3553,1,Informational forward with no required action
3554,1,Informational update with no required action
3556,3,Contains sensitive credentials that need immediate action
3557,2,Needs response to discuss future arrangement
3558,1,"Promotional travel deal, no action required"
3560,2,Needs a response to coordinate meeting details
3562,2,Requires review and edits to the draft press release
3563,1,"Informational, no action needed"
3564,2,Requires follow‑up on deal details but not urgent
3565,1,Promotional email with no required action
3566,1,Informational update with no immediate action required
3568,3,Schedule download failed and requires immediate manual intervention
3569,2,"Request for survey creation and coordination, needs response but not urgent"
3570,1,"Provides schedule information, no action required"
3571,1,Informational announcement with no required action
3572,2,Requires follow‑up on pending document but not urgent
3573,1,"Spam advertisement, no action needed"
3574,2,Needs clarification on loan terms and requires a response
3575,1,Email contains only a forwarded message with no clear action required
3577,2,Requires a response but not time-sensitive
3578,1,"Provides meeting details only, no action required"
3579,2,Requires response to adopt new procedures
3580,2,Request for task completion but no urgent deadline
3581,1,"It's a forwarded weekly newsletter, informational only"
3582,1,"No clear request or urgency, appears as a forwarded chain"
3583,2,"The email asks for an assessment, requiring a response but not urgent"
3584,3,Meeting at 6 requires immediate response
3585,1,The email is informational and the registration deadline has already passed
3586,2,Provides visit instructions requiring action but not urgent
3587,3,Past due invoice requires immediate action
3588,1,Informational invitation with no required action
3589,2,Request for opinion requires a response but not urgent
3590,1,"Spam advertisement, no action required"
3591,1,Promotional email with no required action
3592,1,It's an informational report with no required action
3593,2,Needs clarification and response about closing timeline
3594,1,Content is a non-actionable anecdote
3596,1,"No actionable request, just informal comment"
3597,1,"Informational notice about a job fair, no action required"
3598,1,"Promotional offer, no immediate action required"
3599,1,Informational newsletter with no required action
3601,3,Urgent request for recommendations requiring immediate response
3602,1,"Promotional email, no action required"
3603,1,Promotional devotional content with no required action
3604,2,Needs a response to coordinate plans but not urgent
3605,1,Informational announcement with no required action
3606,1,"Informational corporate news, no action required"
3607,1,Informational update with no required action
3608,1,"Informational update, no action required"
3609,1,"Acknowledgment only, no action required"
3610,1,"Informational update, no action required"
3611,2,Time-sensitive reminder to vote before deadline
3612,1,Informational update with no required action
3613,1,Informational announcement with no required action
3614,1,"Informal forwarded baby pictures, no action required"
3615,2,Request for performance feedback requires a response but is not urgent
3616,2,Sender is asking for a response about availability
3617,1,"Just a friendly message, no action required"
3618,1,Forwarded petition appears informational with no urgent action required
3619,1,Informational newsletter with no required action
3620,1,"Informational daily report, no action required"
3621,1,"Informational announcement about a print sale, no action required"
3622,1,Informational announcement about upcoming event
3623,1,Internal note with no urgent action required
3624,1,Informational memo about a conference call
3625,1,"Informational newsletter, no action required"
3626,3,Urgent deadline requires action by October 26
3627,2,Needs a timely response to confirm conference slot
3628,3,High importance flag and regulatory update likely requires immediate action
3630,1,"Informational newsletter, no action required"
3631,2,Need to update distribution list
3632,1,"Promotional mortgage offer, no action required"
3635,3,"Requires delivery of information by noon, making it urgent"
3636,1,Poll invitation is informational and not urgent
3637,3,Time-sensitive request to confirm interview travel for upcoming Monday
3638,1,"Informational news update, no action required"
3639,1,"Informational news snippet, no action required"
3640,2,"Needs clarification about project involvement, requires a response"
3641,2,Needs clarification and response but not urgent
3642,1,"Informational invitation, no action required"
3643,1,Email only shares flood pictures with no required action
3644,2,"Requires action to assign RC and allocate costs, but not urgent"
3645,1,"Informational discussion, no immediate action required"
3647,2,Needs clarification or feedback but not urgent
3649,1,Brief acknowledgment with no required action
3650,1,Informational email with no required action
3652,1,"Spam promotional email, no action required"
3653,2,Needs response to coordinate arguments but not urgent
3654,1,"Forwarded conference information, no action required"
3655,3,Schedule download failed and requires immediate manual intervention
3656,1,Informational update with no required action
3657,2,Requires review of attached revised drafts
3658,1,Promotional email with no required action
3659,1,Promotional email with no required action
3660,1,"Promotional informational email, no action required"
3661,2,Requires response to discuss speaker invitation
3662,3,Requires immediate coordination for tomorrow's meetings
3663,1,Informational forwarded note with no required action
3664,1,"Promotional sale email, informational only"
3665,1,Promotional spam with no required action
3666,2,Likely a reply needed but not urgent
3667,2,Requires coordination for upcoming FERC meeting
3668,1,Informational forward with no required action
3670,2,Requires response to coordinate meeting and discuss opportunity
3671,1,Informational content with no required action
3673,1,"Informational alert, no action required"
3674,1,"No actionable request, appears to be a casual forwarded message"
3675,3,"Event is tomorrow, requiring immediate attention"
3676,1,"Informational news update, no action required"
3677,3,Schedule download failed and requires immediate manual intervention
3678,1,Informational newsletter with no required action
3679,2,Needs a response to address feedback on the draft
3680,1,"Promotional discount email, no action required"
3681,1,Promotional spam with no urgent action required
3682,3,Schedule download failed and requires immediate manual intervention
3684,1,Informational forward with no required action
3686,2,Needs response to review and sign agreement
3687,1,Promotional email with no required action
3688,1,FYI forwarded message with no action required
3690,1,Informational job announcement with no urgent action required
3691,1,Promotional content with no required action
3692,2,Follow-up inquiry about interview status requires a response but is not urgent
3694,1,Email appears to be unsolicited spam with no actionable request
3695,1,"Informational comment, no action needed"
3696,3,Urgent discussion needed before filing deadline
3697,1,Personal update with no required action
3698,2,Trade settlement details require a response but no immediate deadline indicated
3699,1,Simple forwarding request with no urgent deadline
3700,3,Schedule download failed and requires immediate manual intervention
3701,1,Informational forward with no urgent action required
3702,1,Informational FYI with no action required
3703,1,"Informational event invitation, no action required"
3706,1,"Informational news snippets, no action required"
3707,2,Request to attend a presentation requires a response but has no urgent deadline
3709,2,"Request for call-in info, needs response but not urgent"
3710,1,Informational news digest with no required action
3711,1,Promotional email with no required action
3712,3,Meeting request for tomorrow requires immediate response
3713,1,Email provides an updated phone list with no required action
3714,1,FYI informational email with no required action
3715,1,Informational newsletter with no required action
3716,2,Requires a response to discuss plans but not urgent
3717,2,Requires coordination and response but not urgent
3718,1,Spam advertisement with no actionable request
3719,1,Generic marketing email with no actionable request
3720,1,Informational update with no required action
3721,2,Needs clarification and response but not urgent
3722,1,Informational invitation with no required action
3723,2,Request for transition steps requires a response
3725,2,Deal not completed and requires follow‑up
3726,1,Informational forward with no required action
3727,2,"Candidate submitted resume for a job opening, requires a response"
3729,1,"Informational news, no action required"
3730,1,Informational update with no required action
3731,1,"Informational update about attending a game, no action required"
3733,2,Requires a response to legal/regulatory questions but not urgent
3734,1,"Email contains no actionable request, only offensive content"
3735,1,Informational email with no action required
3736,2,Needs analysis and guidance but no urgent deadline
3737,1,Reservation confirmation is informational
3738,1,Email contains only a humorous comment with no actionable request
3739,1,Informational update about organizational changes
3740,1,Newsletter is informational with no required action
3741,1,Spam advertisement with no actionable request
3742,1,Informational update with no required action
3743,1,"Promotional announcement, no action required"
3744,2,Requires action to contact John Lavorato but no urgent deadline
3745,1,Informational email with no actionable request
3746,1,No actionable request or urgency indicated
3747,1,"Spam promotional email, no action required"
3748,1,"Informational notice about a public meeting, no immediate action required"
3749,3,Schedule download failed and requires immediate manual intervention
3750,2,"Request for comments on draft testimony, requires response but not urgent"
3751,2,Requires a follow‑up response but not urgent
3752,1,Informational forward with no action required
3753,2,Requires clarification or response but not urgent
3754,1,"Informational news article, no action required"
3755,2,Benefits enrollment announcement requires employee action
3756,1,Informational newsletter with no required action
3757,1,Email contains only a brief acknowledgement with no actionable request
3758,2,Needs response to confirm speaking engagement
3759,1,Informational suggestion with no urgent action required
3760,3,Meeting schedule change requires immediate attention
3763,1,"Informational confirmation, no action required"
3764,1,"Promotional newsletter, no action required"
3765,1,"Unsolicited marketing spam, no action needed"
3766,3,Urgent request to prepare and fax a letter immediately
3767,1,Personal message with no actionable request
3768,2,Requires response to schedule interview
3769,1,"Informational reminder about upcoming events, no action required"
3770,1,Informational newsletter with no required action
3772,2,Requires response to schedule Saturday meeting and discuss foundation contribution
3773,2,Scheduling request requires a response but is not urgent
3774,2,Request for travel info before Monday
3775,1,Short acknowledgment with no actionable request
3776,2,Payment dispute requires a response but is not immediately urgent
3777,2,The email asks a question requiring a response but is not time-sensitive
3778,2,Needs confirmation and follow-up but not urgent
3779,2,Request to schedule a call requires a response but is not urgent
3781,1,"Informational newsletter, no action required"
3783,1,Informational announcement with no required action
3784,3,Time-sensitive property acquisition requires immediate action
3785,1,"Spam promotional email, no action required"
3786,1,It's a news digest with no required action
3787,1,"Announces organizational change and enhancements, no immediate action required"
3788,1,"Informational newsletter, no action required"
3789,2,Needs a response but not urgent
3791,1,Email lacks clear actionable request
3793,1,Informational update with no required action
3795,1,"Issue clarified and resolved, no further action required"
3796,1,Generic forwarded greeting with no actionable request
3798,1,"Spam promotional email, no action required"
3799,3,Schedule download failed and requires immediate manual intervention
3800,2,Request for a birthday card is time-sensitive but not urgent
3801,1,Informational email with no required action
3802,1,Informational announcement with no urgent action needed
3803,1,"Informational memo about upcoming performance cycle, no immediate action required"
3804,1,Informational forward with no required action
3805,3,"Discount deadline approaching, requires timely action"
3806,1,Personal farewell email with no required action
3807,1,Informational update with no required action
3808,1,Automated news alert with no actionable request
3809,1,Urgent-sounding spam with no actionable request
3812,2,Requires a response but not urgent
3813,2,"Requires scheduling a meeting after data arrives, but not urgent"
3814,1,"Informational notice about a delay, no immediate action required"
3815,2,Requires a response to correct the recipient list
3816,1,"Automated fantasy football report, no action required"
3818,2,Requires response to financial request but no immediate deadline
3819,1,"Informational newsletter, no action required"
3820,1,Promotional newsletter with no required action
3822,2,Needs a response to coordinate scheduling
3823,1,"Informational, no action required"
3824,1,"Informational news snippet, no action required"
3826,2,Discrepancy in flow data requires follow‑up but is not urgent
3828,1,Informational notice about cancelled training
3829,2,Announcement requires enrollment action but not urgent
3831,1,Informational forward with no clear action required
3833,2,Needs response but not urgent
3834,2,Needs a response but not urgent
3837,2,Requires response to review redline changes
3838,1,"Informational news, no action required"
3839,1,Non-urgent survey request and informational content
3840,1,Informational forwarded email with no action required
3841,1,"Simple confirmation, no urgent action required"
3842,2,Group needs to discuss proposal but no urgent deadline
3843,1,Promotional email with no required action
3845,1,Promotional email with no required action
3846,1,"Simple acknowledgment, no action required"
3848,1,"Promotional fare alert, no urgent action required"
3849,2,"Request for additional attachment, needs a response but not urgent"
3850,1,"Informational note about email address, no action required"
3851,1,Email appears to be informational with no explicit request
3852,1,"Informational welcome email, no action needed"
3854,1,"Promotional trial reminder, no urgent action required"
3855,1,"No actionable content, appears spam"
3856,1,"Promotional email, no action required"
3857,1,Informational update with no required action
3858,1,"Informational announcement about restructuring, no action required"
3859,1,"Informational update, no action required"
3860,1,Informational update with no required action
3861,1,"Informational announcement, no action required"
3862,1,"Promotional marketing email, no action required"
3864,1,The email appears to be an informational forward with no urgent action required
3865,1,Informational newsletter with no required action
3867,3,Urgent request for same-day confirmation
3868,2,Needs clarification on which lawyer is handling the matter
3869,2,Needs clarification and response but not urgent
3870,1,Informational summary with no required action
3871,1,Informational email with no required action
3872,1,Forwarded message appears informational with no clear action required
3873,1,"Spam marketing email, no action required"
3875,1,Email is informational about a game attendance with no required action
3876,1,Informational reply with no required action
3878,1,Informational content with no required action
3879,1,Informational newsletter with no required action
3880,2,Needs clarification and response but not urgent
3881,1,"Promotional email, no action required"
3882,2,Request asks for a response but lacks urgency
3884,1,Email contains only a forwarded notice with no actionable request
3885,1,Informational update with no required action
3886,1,Spam content with no actionable request
3887,1,"Promotional content, no action required"
3888,1,Informational forward with no actionable request
3889,1,Informational market update with no required action
3890,2,"The email requests support and coordination, requiring a response but no immediate deadline"
3891,1,"Spam advertisement, no action required"
3892,1,Informational update with no required action
3893,1,Informational forwarded email with no action required
3894,1,Informational email with no urgent action required
3895,1,"No actionable request, purely informational"
3896,1,"Informational alumni newsletter, no action required"
3897,1,Newsletter content is informational with no required action
3898,1,"No actionable request, just a forwarded message"
3899,1,"Promotional content, no action required"
3900,1,Promotional email with no required action
3901,3,Operational difficulties and imminent actions require immediate attention
3902,1,Holiday greeting with no actionable request
3903,1,Promotional newsletter with no required action
3904,3,High-stakes case requiring immediate action
3905,2,"Needs confirmation on IT request, not urgent"
3907,3,Urgent request for a deal ticket
3908,1,Informational agenda with no immediate action required
3910,1,Forwarded email with no clear request or urgency
3912,1,Informational event announcement with no required action
3913,1,"Promotional content, no action required"
3914,2,Reminder requires response before upcoming volunteer shifts
3915,1,Survey invitation with non-urgent deadline
3916,1,"Email contains no actionable request, just a skeptical comment"
3917,2,Requires action on agreement changes but not urgent
3918,1,Forwarded informational email with no clear action required
3919,1,"Informational stock market article, no action required"
3920,2,Requires updating confirmation templates but not urgent
3921,1,"Spam advertisement, no action required"
3922,1,"Promotional spam, no action required"
3923,2,Request requires action to convince a colleague but is not urgent
3924,1,Informational email with no required action
3925,2,User asks for event timing and needs a response
3926,1,"Informational news summary, no action required"
3927,1,Informational newsletter with no required action
3928,3,Requires same‑day discussion
3929,2,The email asks a question that needs a response but is not urgent
3930,1,Birthday greeting with no required action
3931,1,Promotional email with no required action
3932,2,Requires feedback on draft comments but not urgent
3933,2,Requires a response to clarify payment details but not urgent
3934,3,Urgent request for volunteer information with a short deadline
3935,1,Informational update with no action needed
3936,2,Needs response about confirmation status
3937,2,Needs response to coordinate logistics
3938,3,Urgent discussion needed for tomorrow's conference call
3939,1,Informational email with no required action
3940,1,Informational newsletter with no required action
3941,1,Informal message with no actionable request
3942,3,Time-sensitive request to meet June 15 deadline
3943,2,Follow-up email requiring a response but not urgent
3944,2,Needs response to meet upcoming Monday deadline
3945,1,"Informational market update, no action required"
3946,1,"Announcement of new website, no action required"
3947,1,Informational email with no required action
3948,1,Informational FYI with no required action
3949,1,Forwarded informational email with no clear action required
3950,1,Informational forward with no action required
3952,2,Requires legal review and response
3953,3,Urgent request for tournament data needed immediately
3955,2,Question requires a response but is not urgent
3956,1,"Informational announcement, no action required"
3958,1,Informational email with no actionable request
3959,1,Informational update with no required action
3961,1,"Just a joke, no action needed"
3962,2,Requires clarification and response but not urgent
3963,3,Survey is due today and needs immediate completion
3964,2,Complaint about work issue requiring response but not urgent
3965,3,Schedule download failed and requires manual intervention
3966,1,"Informational newsletter, no action required"
3967,2,Needs clarification and discussion but not urgent
3969,1,"No actionable request, informal message"
3970,2,Requires response to coordinate legal and funding details
3971,2,Reminder about upcoming registration requiring action
3972,2,Request to update distribution lists requires action but is not urgent
3973,1,Email contains no actionable request or urgency
3974,1,"Promotional recruitment email, no action required"
3975,1,Forwarded message with no actionable request
3976,1,Informational forwarded content with no required action
3977,1,Promotional newsletter with no required action
3978,1,"Promotional travel offer, no action required"
3979,2,"Meeting request, not urgent"
3980,2,Requires user to update data but not urgent
3981,2,"Request for additional information, not urgent"
3982,1,"Forwarded email with no clear request, informational"
3983,1,"Promotional travel email, no action required"
3984,1,Informational update about staffing process with no urgent action needed
3985,2,"Needs a response to schedule a meeting, but not urgent"
3988,1,"Informational newsletter, no action required"
3989,1,"Informational policy notice, no action required"
3990,3,Urgent request for a decision on judging role
3991,2,"Request to forward a spreadsheet, requires action but not urgent"
3993,1,Informal personal update with no urgent action required
3994,3,Schedule download failed and requires immediate manual intervention
3995,1,Informational newsletter with no required action
3996,1,Casual holiday inquiry with no urgent action required
3997,1,Just a forwarded poem with no action required
3998,2,Action required before deadline
3999,1,"Promotional newsletter, no action required"
4000,2,Personal concern requiring a response
4001,2,Scheduling confirmation requires a response but is not urgent
4002,2,"Request for input on a training course, needs a response but not urgent"
4003,1,Forwarded message with no actionable request
4004,1,"Spam solicitation, no action needed"
4005,1,Informational content with no actionable request
4006,1,"Birthday greeting and invitation, no urgent action required"
4007,1,"Promotional informational email, no action required"
4008,3,Urgent request for assistance with tomorrow's broadcast
4010,2,"Request to contact Greg, not urgent"
4011,1,Promotional email with no required action
4012,2,Request for PCB information requires a response but is not urgent
4013,1,Informational update with no urgent action required
4014,1,"Promotional spam, no action required"
4015,1,"Informational announcement, no action needed"
4016,1,Informational broadcast with no required action
4017,3,Urgent action required to resolve past due invoice
4018,2,"Request to add a note, requires action but not urgent"
4019,1,Email is FYI only with no required action
4020,2,Requires a response to coordinate scheduling but not urgent
4021,1,Informational briefing with no required action
4022,1,"Automated report, no action required"
4023,1,Informational news with no required action
4024,1,Promotional newsletter with no actionable request
4025,1,"Contains only insults, no actionable request"
4026,1,Informational FYI with no required action
4027,2,Solicitation requires a response but is not time-sensitive
4029,1,Informational update with no required action
4030,2,Requires a response but not urgent
4031,1,Informational announcement about website redesign with no required action
4032,2,Invitation to event requires RSVP
4034,1,Provides event details with no immediate action required
4035,2,"Request to remove a contact from mailing lists, not urgent"
4036,2,Informational issue that may need a response but not urgent
4037,1,Promotional spam with no actionable request
4038,1,Informational email with no required action
4039,1,"Condolence message, no action required"
4040,2,Needs clarification response about vacation hours
4041,1,"Informational newsletter, no action required"
4042,1,Informational forward with no action required
4043,1,"Informational update about seminars, no action required"
4044,2,Speaker invitation requires a response but is not time-sensitive
4045,1,"Informational email about an arrest, no action needed"
4046,1,"Spam promotional content, no action required"
4047,1,"Confirmation of lunch plans, no further action needed"
4048,2,Requires discussion but not urgent
4049,1,"Informational newsletter, no action required"
4050,2,Needs response to confirm meeting time
4051,1,"No action required, just a notification"
4052,1,Informational news update with no required action
4053,2,"Request for opinion, requires a response but not urgent"
4056,1,"Informational contact details, no action required"
4057,1,Email appears to be a forwarded informational message with no clear action required
4058,1,"Informational announcement, no action required"
4059,1,Promotional email with no required action
4060,1,Forwarded notification appears informational with no clear action required
4061,1,Informational email with no required action
4062,1,"Just sharing new email address, no action required"
4063,1,Informational update with no required action
4064,2,Needs a response regarding undergraduate invitations
4065,2,Meeting notice requires response
4067,1,Informal message with no actionable request
4069,2,Needs a response to document comment but not urgent
4070,1,"Email contains no actionable request, only forwarding information"
4072,2,Requires response/action but not urgent
4073,3,"Interventions are due today, requiring immediate attention"
4074,1,"Promotional content, no action required"
4075,3,Urgent demand for commission requiring immediate attention
4076,1,"Informational newsletter, no action required"
4077,2,Meeting request requires a response but is not urgent
4078,1,"Informational news about Enron, no action required"
4080,1,"Informational news update, no action required"
4081,2,Needs confirmation from Jeff
4082,1,The email contains a rant with no actionable request
4083,1,"Promotional spam, no action required"
4084,1,Informational email with no required action
4085,1,Email is only FYI with no action required
4086,1,Promotional email with no required action
4087,1,"Informational update, no action required"
4089,2,Requires response but not urgent
4090,1,Informational newsletter with no required action
4091,1,"Spam solicitation, no action required"
4092,1,Promotional email with no actionable request
4093,1,Promotional spam with no required action
4094,3,Resume needed before tomorrow's meeting
4096,2,Invitation to an upcoming event requires a response
4097,1,Informational update with no required action
4098,1,"Promotional offer, no action required"
4101,2,Inquiry requires a response but is not time-sensitive
4102,1,"Informational corporate record, no action required"
4103,2,Request for drafting requires a response but is not urgent
4105,2,Invoice payment issue requires follow-up
4106,1,Promotional conference invitation with no urgent action required
4107,1,"Informational news update, no action required"
4108,1,Informational update with no required action
4109,1,Promotional marketing email with no required action
4110,2,Requires review and response to attached draft documents
4111,1,Email is informational with no clear action required
4112,1,"Promotional spam, no action required"
4113,1,"Informational email about a conference, no immediate action required"
4114,2,Request for information requires a response but is not urgent
4115,1,Informational schedule update with no required action
4116,1,"Informational daily verse, no action required"
4117,2,Requires a response to discuss pricing
4118,2,Requires RSVP for dinner and campout plans
4119,1,"Promotional sales email, no action required"
4120,1,Informational update with no action required
4121,1,It's an informational newsletter with no required action
4122,1,Informational forward with no clear action required
4123,1,"Promotional conference announcement, no action required"
4125,3,Urgent request for financial details before departure
4126,2,Requires entry submission by upcoming deadline
4127,3,Urgent need to verify faxed signature and meet escrow deadline by tomorrow
4128,1,"Informational confirmation, no action needed"
4129,1,"Promotional spam, no action required"
4130,2,Requires review but not urgent
4131,1,Promotional newsletter with no required action
4132,1,"Informational daily report, no action required"
4133,1,"Spam-like forwarded advertisement, no action needed"
4134,1,Informational FYI about mail handling guidelines
4136,2,Requires document review and response but not urgent
4137,1,"Informational update, no action required"
4139,1,"Spam prize claim email, no action required"
4140,1,"Security alert advising deletion, no urgent response needed"
4141,1,Email is a forwarded message with no clear actionable request
4142,1,Email is a simple forward with no clear action required
4143,1,Promotional content with no required action
4144,1,"Informational news article, no action required"
4145,2,"Request for survey completion before migration, not urgent"
4146,3,Press conference happening today requires immediate action
4147,2,Meeting invitation requires a response but is not immediate
4148,2,Request for information requires a response but is not urgent
4150,2,Requires review and possible follow‑up but not urgent
4151,1,Email contains only forwarded header information with no actionable request
4152,1,"Informational stock article, no action required"
4153,1,"Informational notice about draft survey, no action required"
4156,3,Schedule download failed and requires manual intervention
4157,1,Email shares a document for reference with no urgent request
4158,1,Informational update with no required action
4160,1,"Outbid notice, informational with no urgent action required"
4161,2,Request to copy another recipient on future emails
4162,2,Request for a book preface requires a response but is not urgent
4163,1,Informational update with no required action
4164,1,Email is only an FYI with no action required
4165,1,Email is only FYI with no action required
4167,1,"Promotional email, no action required"
4168,1,The email is only an FYI forward with no action required
4169,3,Meeting scheduled for today requires immediate attention
4170,1,Informational email with no action required
4171,1,Promotional email with no urgent action required
4174,1,It's an informational newsletter with no required action
4175,1,Personal rant with no actionable request
4176,3,Urgent conference call scheduled within the hour
4177,1,"Informational notice about rule changes, no immediate action required"
4178,2,Requires follow‑up but not urgent
4179,1,Informational update with no immediate action required
4180,2,"Invitation to meet, needs a response but not urgent"
4181,1,It's an informational newsletter with no required action
4182,2,"Request to forward information and review a model, requires action but not urgent"
4184,2,Contains conference call details requiring response or attendance
4185,2,Needs a response to clarify job status and missed call
4186,1,Informational newsletter with no required action
4187,1,"Informational bulletin, no action required"
4188,1,"Informational news alert, no immediate action required"
4189,1,Informational summary with no required action
4190,1,"Promotional spam, no action needed"
4191,1,"Informational update, no action required"
4193,3,Urgent request to obtain original documents by tomorrow
4194,1,"FYI only, no action required"
4196,1,Informational announcement about a new service
4197,3,Needs response for tonight meeting
4198,1,FYI forward with no action required
4199,1,FYI copy with no action required
4200,3,Urgent cancellation requiring immediate action
4201,1,Informational email with no actionable request
4202,1,Informational update with no urgent action required
4203,1,Informational status update with no immediate action required
4204,1,"Job posting informational, no immediate action required"
4205,3,Urgent request for immediate review and feedback
4206,2,Needs a response to coordinate weekend plans
4207,1,No actionable request or urgency identified
4208,1,"FYI informational, no action required"
4209,2,"The email asks for a response about ongoing effort, but no urgent deadline is indicated"
4210,1,"Informational call schedule, no action required"
4211,2,Requires a follow‑up response but no urgent deadline
4212,2,Needs clarification on accounting flow
4213,1,Informational note with no required action
4214,2,Contains a request for a save‑the‑date note but not time‑critical
4215,1,It's an informational health tip newsletter with no required action
4216,1,"Harassing content, no action required"
4217,1,"Spam advertisement, no action required"
4218,1,"Just a congratulatory note, no action required"
4219,1,"Informational news summary, no action required"
4220,1,"Informational message, no action required"
4221,1,"Informational news article, no action required"
4222,1,Simple acknowledgment with no required action
4223,1,"Promotional newsletter, no action required"
4224,1,Informational event notice with no required action
4225,1,Informational announcement with no required action
4226,3,Urgent request requiring response by noon today
4227,1,Informational invitation with no urgent action required
4228,1,Forwarded notice with no clear action required
4229,1,"Informational news, no action required"
4230,2,Request for conference attendance approval
4231,1,Informational email with no clear action required
4232,1,Promotional email with no required action
4233,1,Informational report with no immediate action required
4234,1,"Informational newsletter, no action required"
4235,1,Informational announcement about training series
4236,1,Forwarded informal message with no clear request
4238,1,"Just a casual update about a haircut, no action needed"
4239,1,"Advertisement, no action needed"
4240,1,Email is only a forwarded notice with no clear action required
4241,1,"Informational notice about storage reduction, no action required"
4242,2,Reply requested but not time-sensitive
4243,3,Urgent request to reschedule a same-day call
4244,1,Informational forward with no actionable request
4245,3,Time-sensitive invitation to attend a press conference today
4246,3,"Marked urgent multiple times, indicating immediate attention needed"
4247,1,Message contains no clear request or urgency
4248,2,Needs response to coordinate participants and revised quote
4249,1,Informational update with no required action
4250,2,Requires clarification and response but not urgent
4252,1,Non-urgent informational message
4253,2,Email requests a response but lacks urgent deadline
4255,1,"Informational e-report, no action required"
4257,2,"Invitation to meet for music, needs a response"
4258,1,"Informational forward, no action required"
4259,1,Informational memo about upcoming performance system launch
4260,2,Requires response but not urgent
4261,2,Follow-up needed on permit approval sequence
4262,1,"The email is a casual, non-urgent message with no required action"
4263,1,"Spam advertisement, no action required"
4264,1,Email contains jokes and no actionable request
4265,1,The email is a simple forward with no clear action required
4270,2,Deadline Monday noon requires response
4271,1,"Informational newsletter, no action required"
4272,2,Technical question about formula requires a response but is not urgent
4273,2,"Requires clarification on contract terms, response needed but not urgent"
4274,2,"Scheduling lunch, needs a response but not urgent"
4276,1,"Informational update about seminars, no action required"
4277,1,Simple administrative request with no urgency
4278,3,Sender indicates urgent resource constraints
4279,1,Informational content with no actionable request
4280,1,"Promotional newsletter, no action required"
4281,2,The email requests a response but does not indicate urgency
4283,2,Request for a manual invoice requires a response but is not immediately urgent
4285,1,"Promotional content, no action required"
4286,3,Requires immediate action before tomorrow's meeting
4287,1,"Invitation to a past event, no action needed"
4288,2,Customer complaint needs a response
4290,1,"Spam offer, no action needed"
4291,3,Urgent meeting agenda requires immediate preparation
4292,2,Question requires a response but is not marked urgent
4293,1,"Informational stock tip, no immediate action required"
4294,1,Informational notice with no required action
4295,1,Informational report with no immediate action required
4296,1,"Promotional newsletter, no action required"
4297,1,Informational congratulation with no required action
4298,2,Meeting time confirmation needed
4300,1,Informational forwarded email with no action required
4301,1,Informational payroll update with no required action
4302,2,"Needs clarification response, not urgent"
4303,2,"User requests email forwarding, not urgent"
4306,1,Vague rant with no clear actionable request
4307,2,Limited ticket availability and upcoming event require timely response
4308,2,"Follow-up asking for receipt confirmation, needs a response but not urgent"
4309,1,"Informational newsletter, no action required"
4310,1,Forwarded message lacks clear action request
4311,1,Promotional email with no required action
4312,2,Request requires a response to prepare a description but is not urgent
4313,3,Urgent travel decision needed for upcoming flight
4314,1,Promotional newsletter with no required action
4315,3,Schedule download failed and requires immediate manual intervention
4316,2,Requires review and response to regulatory petitions
4317,1,"Promotional spam, no action required"
4318,1,Informational forwarded email with no clear action required
4319,1,Informational invitation with no required action
4320,1,"Acknowledgment only, no action needed"
4322,1,"Email contains no actionable request, only unrelated statements"
4325,1,"Informational invitation, no action required"
4326,1,"Spam advertisement, no action required"
4327,1,Email is only FYI with no action required
4328,1,Promotional email with no required action
4331,1,Email is only an FYI with no required action
4332,1,"Forwarded test email, no action required"
4333,1,Informational content with no action required
4334,1,Informal social invitation with no urgent action required
4335,1,Promotional content with no actionable request
4336,1,Informational announcement with no required action
4337,1,"Unsolicited promotional content, no action required"
4338,2,Requires clarification and response but not urgent
4339,2,Request for contract renewal requires a response
4340,1,"Informational email distributing attached comments, no immediate action required"
4341,1,Informational announcement with no required action
4343,1,Informational response with no required action
4344,2,"Sender declines meeting and informs of conflict, requiring a response"
4345,2,User needs to complete a survey before migration
4346,1,"Spam political solicitation, no action required"
4347,1,Informational update with no required action
4348,1,Forwarded personal message with no actionable request
4349,1,Provides informational talking points with no required action
4350,2,"Request to arrange travel and coordinate a call, needs response but not urgent"
4351,1,Informational newsletter with no urgent action required
4353,1,Promotional email with no required action
4354,1,Informational update with no required action
4355,2,Sender asks a clarification question requiring a response
4356,1,"Promotional newsletter, no action required"
4357,2,"Sender asks for clarification, requires a response but not urgent"
4358,1,"No actionable request, only a forwarded informational message"
4359,1,"Informational sports update, no action needed"
4360,1,"Informational forward about conference, no action needed"
4361,2,Needs a reply to confirm speaking engagement
4362,1,"Promotional spam, no action needed"
4363,2,Requires response by tomorrow regarding contract receipt
4364,1,Informational note with no clear action required
4365,1,"Promotional email, no action required"
4366,1,"Informational market update, no action required"
4369,1,Thank you note with no immediate action needed
4370,1,"Spam promotional email, no action required"
4371,1,Promotional email with no required action
4372,1,Promotional email with no required action
4373,2,Requires response to negotiate option terms
4374,2,Forwarded consent document likely needs review
4375,3,Schedule download failed and requires immediate manual intervention
4376,1,Email is a thank-you note with no actionable request
4378,1,"Confirmation of scheduled call, no immediate action needed"
4379,1,"Informational forwarded email, no action required"
4380,2,Question about gas market signals requiring a response
4381,1,"Informational weather forecast, no action required"
4382,1,Informational e-report notification
4383,2,"User requests a printout, requiring action but not urgent"
4384,1,"Informational travel specials, no action required"
4385,1,Promotional spam with no required action
4386,1,Forwarded informational email with no clear action required
4387,2,Requires a response but no urgent deadline
4388,1,"Provides schedule information only, no action required"
4390,1,Personal forwarded content with no required action
4391,1,Informational status update with no action required
4392,1,Informal personal message with no required action
4394,1,"Spam advertisement, no action needed"
4395,1,"Promotional email, no action required"
4397,2,Requires a response to clarify a question but not urgent
4398,1,"Promotional content, no action required"
4399,1,"Promotional marketing email, no action required"
4401,1,Promotional email with no required action
4402,1,FYI forwarded notice with no required action
4403,1,"Informational update, no action required"
4404,1,Email contains casual banter with no actionable request
4405,3,Urgent meeting scheduled for tomorrow requires immediate attention
4406,1,"Unsolicited marketing email, no action required"
4407,1,Provides informational articles without a required action
4408,1,Email contains no actionable request and is non‑urgent
4409,1,Promotional solicitation with no urgent action required
4410,1,Rant with no actionable request
4411,1,"Promotional event announcement, no action needed"
4412,2,Request for status update requires a response but is not urgent
4413,1,Casual invitation with no urgent action required
4414,1,"Informational announcement, no action required"
4415,1,"Just a thank-you note, no action required"
4416,2,Requires clarification and response on contract documentation
4418,1,Promotional marketing email with no urgent action required
4419,2,Request for cost information requires a response but is not urgent
4420,1,Informational update with no required action
4421,1,Simple acknowledgment with no action required
4422,1,"Just a meeting confirmation, no action needed"
4423,1,"Informational news update, no action required"
4424,1,"Promotional email, no action needed"
4425,2,"User requests email list distribution, needs a response but not urgent"
4426,1,Informational newsletter with no required action
4427,1,"The email is informational and suggests deferring decision, no urgent action needed"
4428,1,"Promotional email, no action required"
4429,1,The email is a forwarded advertisement with no actionable request
4430,1,"Informational update, no action required"
4431,2,Needs response to confirm meeting time
4432,2,"The sender asks for confirmation of a contact, needing a response but not urgent"
4433,1,Informational update with no urgent action required
4434,1,Informational announcement with no action required
4435,1,Forwarded informational email with no clear action required
4436,1,Informational update with no clear action required
4437,1,Informational content with no required action
4438,1,Promotional spam with no required action
4439,3,Urgent request for counterparty approval needed by tomorrow
4441,1,"Informational welcome email, no action required"
4442,1,Forwarded inspirational content with no actionable request
4443,1,Informational forward with no required action
4444,1,"Casual meeting suggestion, no urgent action needed"
4445,1,"Informational news, no action required"
4446,1,Informational update about legislation
4447,1,Informational newsletter with no required action
4448,2,Email requests assignment details requiring a response but not urgent
4449,1,"Informational announcement, no action required"
4451,1,"Informational conference schedule, no action required"
4452,2,Confirmation of attendance requires a response but is not urgent
4454,1,"Promotional fare offer, no action required"
4455,1,Brief apology with no actionable request
4456,1,Informational news update with no required action
4457,1,"Informational sports update, no action needed"
4458,1,"Email contains only formatting code, no actionable request"
4459,1,"Informational notice about new procedures, no immediate action required"
4460,2,Invitation requires RSVP but is not time‑critical
4461,1,Informal forwarded message with no clear action required
4462,2,Requires a clarifying response but not time-sensitive
4463,2,Requires a response within 30 days
4465,2,Request for insight requires a response but is not urgent
4466,1,"Informational daily summary, no action required"
4467,1,"Denial of vacation request, no action required"
4468,3,Urgent request for meeting documents needed by Tuesday
4469,1,Informational newsletter with no required action
4470,2,Needs a timely response to confirm meeting date
4471,2,The email indicates a pending action and may need follow‑up
4472,1,Promotional spam with no required action
4473,1,"Informational news, no action required"
4475,1,Informational forward with no required action
4476,1,Informational announcement with no required action
4477,3,Needs immediate replacement for a class after deadline
4478,1,"Promotional travel deals, no urgent action required"
4479,1,"Informational newsletter, no action required"
4480,1,"Promotional game invitation, no urgent action required"
4481,2,Requires feedback on accounting changes but not urgent
4482,2,Invitation to a tomorrow event requiring RSVP
4483,1,Informational update with no action required
4484,1,"Informational notice about upcoming blackouts, no action required"
4486,1,Informational newsletter with no required action
4487,1,"Informational notice about email change, no immediate action required"
4488,1,"Promotional email, no action required"
4489,2,"Request for feedback on process change, not urgent"
4490,1,Newsletter content with no actionable request
4492,2,"Request to distribute talking points, requires action but not urgent"
4493,1,Informational newsletter with no required action
4494,2,"Invitation to meet, needs a response but not urgent"
4495,2,Needs clarification on utility deadline timing
4496,1,"Informational list of articles, no action required"
4497,2,Needs a response to confirm attendance
4498,1,"Informational announcement, no action needed"
4499,1,Informal message with no actionable request
4500,2,Invitation to board meeting and volunteer opportunities requires a timely response
4501,1,"Personal chat, no action needed"
4502,1,Informational newsletter with no required action
4503,1,"Informational news, no action required"
4504,3,Press conference scheduled for today requires immediate attention
4505,1,Informational email with no action required
4506,2,Needs coordination to address staffing gap
4507,1,"Just a forwarded story, no action required"
4508,1,Personal note with no urgent action required
4509,3,Urgent due-diligence request for closing
4510,2,Contains a question needing a response
4511,1,"No actionable request, purely informational"
4512,1,Informational newsletter with no required action
4513,1,Informational forward with no action required
4514,1,"Marketing email, no action required"
4515,1,"Promotional spam, no action required"
4516,1,FYI forwarded copy with no clear action required
4517,1,"Promotional email, no action required"
4518,1,Informational news with no required action
4519,1,Informational event invitation with no required action
4520,1,"Promotional email, no action required"
4521,2,"Contains a request for follow‑up on ticket names, but not urgent"
4523,1,Email contains no clear request or action required
4524,1,"No clear request or urgency, appears to be informal"
4525,3,Meeting scheduled for tomorrow requires immediate attention
4526,1,Informational email with no required action
4527,3,Urgent request to start PC ordering today
4528,1,Newsletter content with no actionable request
4530,1,Newsletter is informational with no required action
4531,2,Personal housing concern needs a response but is not urgent
4532,3,Urgent volunteer request for an event occurring in a few days
4533,1,"Informational update, no action required"
4534,2,"Needs response to send service agreement, but not urgent"
4535,1,Promotional email with no required action
4536,1,FYI informational update with no required action
4538,2,Needs response to coordinate upcoming visit
4539,1,Promotional spam with no required action
4540,1,No actionable request or urgent content
4541,1,Informational press report with no required action
4542,1,Informational newsletter with no required action
4543,2,Provides scheduling instruction requiring action but not urgent
4545,2,Needs a response to coordinate meeting time
4546,1,"Irrelevant spam content, no action needed"
4547,2,Scheduling confirmation that requires a response but is not urgent
4548,2,Requires clarification response but not urgent
4550,2,"Request for an update, requires a response but not urgent"
4551,1,"Informational welcome message, no action required"
4552,1,"Informational content, no action required"
4553,1,Informational email with no urgent action required
4554,2,Needs a response but not urgent
4555,1,"Automated fantasy football report, no action required"
4556,2,FYI about a meeting tomorrow requiring attendance
4557,1,"Spam promotional email, no action required"
4558,2,Requires a scheduling response but not urgent
4559,1,"Spam promotional email, no action needed"
4560,1,Informational update with no immediate action required
4561,1,Informational newsletter with no required action
4562,3,RSVP required for upcoming Saturday session
4564,1,"Informational content, no action required"
4565,1,Informational news roundup with no required action
4566,3,Immediate legal compliance required
4568,1,Forwarded informational content with no required action
4569,2,Requires a response to confirm changes but not urgent
4570,1,"Spam advertisement, no action required"
4571,1,"Informational newsletter, no action required"
4572,3,Meeting reschedule needed for tomorrow
4573,2,Needs commercial input but not urgent
4574,1,Informational update about meeting schedule
4576,1,FYI message with no required action
4577,1,"Promotional email, no action required"
4578,1,Informational email with no action required
4579,3,Time-sensitive request for review of testimony
4580,2,Needs response about contractor but not urgent
4581,1,"Informational welcome message, no action required"
4582,1,Casual forward with no actionable request
4583,1,The email is an informational confirmation with no required action
4584,1,Informational update with no required action
4586,1,Informational update with no required action
4587,1,"Promotional email, no action required"
4589,1,Informational market commentary with no required action
4590,3,Schedule download failed and requires manual intervention
4591,2,Request requires a response and action but no immediate deadline
4592,1,"Provides feedback only, no urgent action required"
4593,1,Promotional email with no required action
4594,1,Informational confirmation with no required action
4595,1,"No actionable request, just a congratulatory note"
4597,2,Needs clarification on invoice creation and tracking
4598,3,Request for overnight FedEx shipment requires immediate action
4599,2,Subject claims urgency but body suggests a non‑immediate discussion
4600,3,Needs immediate confirmation to proceed with payment
4601,1,"Promotional spam, no action required"
4603,1,Casual banter with no required action
4604,1,Informational report with no required action
4606,1,Forwarded bulletin appears informational with no required action
4607,1,Informational status update with no immediate action required
4608,1,Casual greeting with no action required
4609,1,Informational FYI email with no required action
4610,1,Informational newsletter with no required action
4612,3,Urgent deadline and risk of bankruptcy require immediate attention
4613,2,Question requires a response but is not time-sensitive
4615,1,Promotional spam with no required action
4617,1,"Informational notice of unavailability, no action required"
4618,1,"Informational event invitation, no action needed"
4619,1,Provides updated numbers with no required action
4620,2,Request for a Master Agreement requires a response
4621,1,Promotional content with no urgent request
4622,2,Needs a response before upcoming travel
4624,1,"Personal health update, no action required"
4625,1,"Informational newsletter with advertisement, no action required"
4626,1,Informational announcement with no required action
4627,1,Email is just an acknowledgment with no actionable request
4628,2,Enthusiastic request but no clear deadline or urgency
4630,2,"Request for clarification on event dates, not urgent"
4631,3,Upcoming discussion tomorrow requires immediate preparation
4633,1,Friendly note with no required action
4634,3,Schedule download failed and requires immediate manual intervention
4635,1,Email is a friendly update with no clear action required
4636,1,Forwarded informational email with no clear action required
4638,1,The email is an FYI with no clear request or action needed
4639,2,Needs clarification and response but not urgent
4640,1,Email contains personal schedule updates with no actionable request
4641,1,"Informational announcement, no action needed"
4642,3,Schedule download failed and requires immediate manual intervention
4643,1,"Promotional coupon email, no action required"
4644,2,Casual plan discussion that requires a response but is not urgent
4645,1,Promotional content with no actionable request
4646,1,"Email contains news headlines only, no action required"
4647,1,Email contains informational announcements with no urgent action required
4648,1,Promotional content with no required action
4649,1,"Merger announcement is informational, no action needed"
4650,1,"Unsolicited promotional forward, no action needed"
4651,2,Needs a response but no urgent deadline
4652,3,Marked as High importance and relates to upcoming board meeting
4653,1,Advertisement with no required action
4655,1,"Informational announcement about transfer, no action required"
4656,1,Email contains only a forwarded notice with no actionable request
4657,2,Request for assistance with power and gas situation
4658,1,"Promotional email, no action required"
4660,2,Clarification of contract terms likely requires a response
4661,1,"Informational news article, no action required"
4662,1,Forwarded newsletter is informational with no required action
4663,2,Request to update mailing lists requires action but is not urgent
4664,2,"Asks to be added to distribution list, needs a response but not urgent"
4665,2,Needs response but not urgent
4666,1,Informational update with no required action
4667,1,Forwarded joke email requires no action
4668,2,Requires a response but no urgent deadline indicated
4669,3,Past due invoice requires immediate action
4671,2,Request for performance feedback requires a response
4673,1,Promotional newsletter with no actionable request
4674,1,"Unsolicited marketing, no action needed"
4675,3,Agenda for a same-day conference call requires immediate attention
4678,1,Simple thank‑you with no required action
4679,1,"Spam advertisement, no action needed"
4680,2,Requires response to address overdue invoices
4681,1,"Informational summary, no action required"
4683,2,"Request to review a candidate and respond, but no urgent deadline"
4684,2,Requires clarification on schedule and response
4685,2,Needs a response to arrange a meeting but not urgent
4686,1,Informational memo with no immediate action required
4688,2,Request for attendance requires a response but is not urgent
4689,1,"Informational newsletter, no action required"
4690,1,Promotional email with no required action
4691,1,Promotional email with no required action
4692,2,Needs a response to coordinate internal responsibilities
4693,1,"Informational promotion, no action needed"
4694,1,"Forwarded informational email about tax cut, no action required"
4695,1,Forwarded informational email with no clear action required
4696,1,Email is only FYI with no action required
4697,3,Requires immediate response to confirm tomorrow's meeting
4698,1,"No actionable request, just a forwarded notice"
4699,3,Subject explicitly states urgent response required
4700,1,Informational update with no required action
4701,1,Informal personal update with no required action
4702,1,"Meeting cancellation notice, no action required"
4704,1,"Provides article list, no action required"
4705,1,The email is a forwarded informational notice about a campout with no clear action required
4706,1,Email shares comments for review without urgent deadline
4707,1,Informational invitation with no required action
4708,1,"Informational newsletter, no action required"
4709,1,"Informational announcement about restructuring, no action required"
4710,2,Requires response to prepare for upcoming Friday discussion
4711,1,"Informational FYI about conference call schedule, no immediate action required"
4713,1,"FYI only, no immediate action required"
4714,1,Spam advertisement with no required action
4715,1,General commentary with no actionable request
4716,2,Question requires a response but is not time-sensitive
4717,1,"Informational account confirmation, no action required"
4718,1,"Automated fantasy football report, no action required"
4719,1,"Promotional content, no action required"
4720,1,Email contains personal commentary with no clear action required
4721,2,Request for guidance and assistance requires a response but no urgent deadline
4722,1,Informational legal news with no required action
4723,1,"Informational news summary, no action required"
4724,3,Meeting starts tonight requiring immediate attention
4725,1,Promotional newsletter with no actionable request
4726,1,Email is a forwarded message with no clear actionable request
4727,1,"Informational news update, no action required"
4728,1,"Informational fantasy football report, no action required"
4729,1,Promotional reminder with no required action
4730,2,Job opportunity requires response but not urgent
4731,1,"Informational announcement about payroll changes, no action required"
4732,1,Informational survey results with no required action
4734,1,"General market discussion, no urgent action required"
4735,2,Requires user to complete a survey but not urgent
4736,2,Requires review and response but no immediate deadline
4737,2,Needs response to discuss contract issues
4738,1,"Donation request, informational, no immediate action"
4740,1,Informational announcement with no required action
4741,1,"No actionable request, appears informal"
4743,1,"Informational market update, no action required"
4744,2,Requires coordination and confirmation but not urgent
4745,1,"Informational list of articles, no action required"
4747,1,Informational market update with no required action
4748,3,Urgent event scheduled for today requires immediate attention
4749,3,Time-sensitive coordination needed before upcoming meetings
4750,2,Request for dinner plans requires a response but is not urgent
4751,1,"Promotional event announcement, no action required"
4752,2,Needs a response to confirm meeting availability
4753,1,Promotional content with no required action
4754,1,"Informational event invitation, no urgent action needed"
4755,1,Newsletter content with no required action
4756,1,"Informational internal note, no action required"
4757,1,"Informational announcement, no action required"
4758,3,Urgent request to complete finance presentation by end of next week
4759,1,"Promotional devotional content, no action required"
4762,2,"Sender requests clarification of title, needs a response but not urgent"
4763,1,Promotional email with no required action
4764,2,Needs confirmation but not time-sensitive
4765,1,"Informational news alert, no action required"
4766,1,"Informational notice about board election, no action required"
4767,1,Promotional email with no required action
4768,1,Informational event notice with no required action
4769,1,"Informational news summary, no action required"
4771,3,Urgent request for information on penalty charges
4772,2,Requires action to store attachments but no urgent deadline
4773,2,Needs response to reschedule meeting
4775,2,Needs a response to assign an attendee for the meeting
4776,1,"Informal personal message, no action needed"
4778,1,Informational forward with no required action
4780,1,Informal apology with no urgent request
4781,3,"Request asks for an answer today, indicating urgency"
4783,3,Deadline requires action by a specific date
4784,1,"Just a thank-you note, no action required"
4785,1,"Informational newsletter, no action required"
4786,1,"Promotional marketing email, no urgent action needed"
4787,2,Requires action to process account opening but not urgent
4788,1,"Informational announcement, no action required"
4790,1,"Informational forward about a camping plan, no action required"
4791,1,Email contains only headers and no actionable request
4792,1,Forwarded chain email with no actionable request
4793,1,"Informational market update, no action required"
4795,2,Request for interview scheduling requires response
4796,1,"Advertisement, no action needed"
4797,1,Informal update with no required action
4798,1,Email only forwards information with no urgent action required
4800,1,Supportive response with no required action
4802,1,Promotional email with no action required
4803,3,Urgent request for information for upcoming Senate hearing
4804,1,Informational news update with no action required
4805,1,Informational newsletter with no required action
4806,2,Internal procedural issue requiring response but not urgent
4807,1,FYI notice about code change with no required action
4808,1,Informational forwarded email with no clear action required
4809,1,Spam-like urgent request with no actionable content
4810,2,Question about location needs a response but not urgent
4811,3,Urgent emotional situation requiring immediate response
4812,1,"Informational email sharing news, no action required"
4813,1,"Promotional daily verse email, no action required"
4814,1,"Informational news alert, no action required"
4815,1,Informational newsletter with no required action
4816,1,Informal forwarded message with no actionable request
4817,1,"Congratulatory message, no action required"
4818,1,"Just an informational update, no action required"
4820,2,Requires a status update response but no immediate deadline
4821,1,Informational news update with no required action
4822,1,"Informational monthly summary, no action required"
4823,1,"Provides information, no action needed"
4824,1,Forwarded message with no actionable request
4826,2,"Simple information request, not urgent"
4827,2,Requires response to coordinate meeting scheduling
4829,2,Requires a response but not urgent
4830,1,Informational update with no urgent action required
4831,1,Informational newsletter with no required action
4834,1,Spam promotional email with no required action
4835,1,Spam advertisement with no actionable request
4836,1,"Informational personal message, no action required"
4837,2,Requires clarification and response
4838,1,Informational email with no required action
4839,1,Promotional spam with no required action
4840,1,Casual comment with no actionable request
4841,1,"Informational announcement about shuttle service, no urgent action needed"
4842,1,Informational security update with no immediate action required
4843,2,Request needs response but not urgent
4844,3,Urgent request for an immediate white paper on tax issues
4845,1,"Informational news about Enron, no action required"
4847,2,Requires response to coordinate involvement
4848,1,"Spam marketing email, no action required"
4849,1,"Informational article, no action required"
4850,1,"Promotional marketing email, no action required"
4851,1,Informational newsletter with no required action
4852,1,"Spam promotional email, no action required"
4853,1,"Promotional spam, no action required"
4854,2,Requires review and response but no immediate deadline
4855,1,"Promotional sale announcement, no action required"
4856,3,Urgent request for materials needed before printing
4857,1,Simple acknowledgment with no required action
4858,1,Informational invitation with no urgent action required
4860,1,Spam advertisement with no actionable request
4861,2,Requires processing of transcript corrections but not urgent
4862,2,Simple location query requiring a response
4863,2,The email requests a response but does not indicate urgency
4864,2,Request for performance feedback participation
4866,1,"No actionable request, appears to be nonsense"
4869,2,Friendly check-in that needs a response but is not urgent
4870,2,Request asks for a response but no urgent deadline
4871,1,Spam advertisement with no required action
4873,2,Request to update mailing lists requires action but is not urgent
4874,1,Informational announcement with no required action
4875,2,Request for feedback on website update
4879,2,Suggests scheduling a meeting but not urgent
4880,1,"Promotional marketing email, no action required"
4882,1,"Just a thank-you, no action required"
4884,3,Meeting scheduled today at 4:00pm requires immediate attention
4885,1,FYI forwarded message with no action required
4887,1,"Informational newsletter, no action needed"
4888,1,"Informational list of articles, no action required"
4889,2,"Reminder to complete administrative tasks, not urgent"
4891,1,"Informational event announcement, no action needed"
4892,1,No clear request or action required
4893,3,Needs urgent response and coordination for upcoming call
4894,1,Promotional daily verse email with no actionable request
4896,1,Forwarded cute content with no actionable request
4897,2,Follow-up discussion requires a response but is not urgent
4898,1,The email contains no actionable request and is informational
4899,1,Informational news with no required action
4900,2,Invitation requires RSVP but is not time-critical
4901,2,Requires a response but not urgent
4902,1,"Informational news about testimony, no action required"
4903,1,Promotional contest reminder with no urgent action required
4904,1,Informational update with no required action
4905,1,Informational update about staffing process with no immediate action required
4908,2,"Request for information, needs response but not urgent"
4909,1,"Informational news about Enron, no action required"
4911,1,"Informational e-report, no action required"
4912,1,"Confirmation notice, no action required"
4913,3,Urgent request to fix documents today
4914,1,Email is an offer to assist without urgent request
4915,1,It's an informational daily report requiring no action
4916,1,Promotional content with no required action
4917,1,"Forwarded non‑actionable content, no response required"
4918,1,"Informational congratulatory message, no action required"
4919,1,Informational personal note with no required action
4921,1,FYI forward with no action required
4922,1,It's an informational newsletter with no clear action required
4923,1,"No clear request or urgency, appears informational"
4924,2,Request for performance feedback requires a response but is not urgent
4925,1,"Informational newsletter, no action required"
4926,1,Informational news with no required action
4927,1,Spam advertisement with no actionable request
4928,1,Forwarded prayer email with no actionable request
4929,1,Informational newsletter with no required action
4931,1,"Informational newsletter, no action required"
4932,1,Informational confirmation with no required action
4934,1,"Spam promotional email, no action required"
4935,1,"No actionable request, just a casual comment"
4936,1,Informational market report with no required action
4937,1,Informational forward with no required action
4938,3,Needs immediate clarification for tomorrow's meeting
4939,1,Casual acknowledgment with no required action
4940,1,Email is informational with no actionable request
4941,1,Forwarded notice with no clear action required
4942,1,"Informational newsletter, no action required"
4943,1,Simple acknowledgement with no required action
4945,3,Contains sensitive credentials that require immediate security action
4946,1,"Informational event announcement, no action needed"
4947,2,Needs a meeting time confirmation
4948,1,"Informational update, no action required"
4953,1,Promotional email with no required action
4955,1,Informational conference announcement with no required action
4956,1,FYI informational message with no required action
4958,2,Meeting kickoff requires response but not urgent
4960,1,Informational email with no clear action required
4961,2,"Informal request to call, requires response but not urgent"
4962,3,Urgent request to finalize NDA for immediate execution
4963,1,Apology with no actionable request
4965,1,Informational news update with no required action
4966,1,Informational schedule update with no required response
4967,2,Needs response to resolve pending legal issues
4969,1,Promotional newsletter with no required action
4970,2,Requires a response to provide event location but not urgent
4971,2,Requires response to confirm attendance at reception
4973,1,Informational forward with no urgent action required
4974,2,Requires review of attached execution drafts
4976,1,"Contains only jokes, no action required"
4978,2,Requires attention to upcoming upgrade deadlines
4979,1,"Promotional sale notice, no action required"
4980,1,"Informational content, no action required"
4981,1,"Email contains only appreciation and acknowledgment, no action required"
4983,1,Informational announcement with no required action
4984,1,Informational announcement with no required action
4985,1,Informational draft with no urgent action required
4986,1,Promotional content with no required action
4987,2,Requires review and response but not immediately urgent
4988,1,Email contains only template code with no actionable request
4990,1,"Promotional content, no action required"
4991,3,Meeting scheduled for tomorrow requires immediate attendance
4992,3,Schedule download failed and requires immediate manual intervention
4993,1,"Promotional shipping deadline notice, no action required"
4994,1,Promotional email with no actionable request
4995,2,Requires response but not urgent
4997,2,Needs a response to assign reviewer before counsel submission
4998,2,Question about investment strategy requiring a response
5002,1,Informational email with no clear action required
5003,1,"Promotional email, no action required"
5004,2,Requires action to update transcript but not urgent
5005,2,Needs clarification but not urgent
5006,1,"Promotional email, no action needed"
5008,1,Invitation is informational and not time-sensitive
5009,1,"Promotional seminar invitation, no urgent action required"
5010,2,"Sender asks for a clarification call, requiring a response but not urgent"
5011,2,Request to arrange a conference call requires a response but is not urgent
5012,1,Informational personal update with no required action
5013,1,Informational meeting summary with no required action
5014,1,Informational update with no required action
5015,1,Informational newsletter with no required action
5016,1,"Informational newsletter, no action required"
5017,1,"Informational newsletter, no action required"
5018,1,Informational praise with no required action
5019,1,"Promotional car rental offer, no action required"
5020,3,"Potential threat indicated, requires immediate attention"
5021,2,Requires user to complete a survey before migration
5022,2,Needs preparation of Canadian breakout P&L for next week
5025,1,Email contains only forwarded information with no clear action required
5026,2,"Sender seeks clarification and a future chat, but no immediate deadline"
5027,2,Question about price fixing requires a response but is not urgent
5028,2,RSVP required for upcoming event
5030,2,Requires response to address utility connection issue
5031,1,"Informational newsletter, no action required"
5032,1,Forwarded personal content with no actionable request
5033,1,"Informational update, no action needed"
5034,1,Informational email with no action required
5035,1,Informational content with no clear action required
5037,2,Requires a response but is not urgent
5038,1,It's an informational newsletter with no required action
5039,1,"Simple acknowledgment, no action required"
5040,2,Requires a response to address financial concerns
5041,1,Informational update with no required action
5042,1,"Informational notice about a past practice event, no action required"
5043,1,Informational update with no urgent action required
5044,1,Email contains only forwarded contact details with no actionable request
5045,1,"Informational update, no action required"
5046,1,Email contains informational news content with no actionable request
5047,1,The email is an acknowledgment with no required action
5049,2,Incorrect deal setup requires correction
5051,1,Informational update with no required action
5052,1,Email is a news update with no required action
5053,1,"Promotional travel deal, no action required"
5054,3,Contains a direct threat requiring immediate action
5055,1,Informal personal note with no required action
5056,1,Invitation to a party with no required action
5057,2,Requires a response but not urgent
5058,2,Requires a response but no immediate urgency
5059,1,Informational newsletter with no required action
5060,1,"Congratulatory note, no action required"
5061,2,"Request for standardizing language, requires response but not urgent"
5062,1,Informational newsletter with no required action
5063,1,"Informational news clipping, no action required"
5064,1,Brief approval with no required action
5065,1,"Unsolicited marketing spam, no action required"
5066,1,Informational announcement with no urgent action required
5067,1,Informal message with no actionable request
5068,1,"Informational update about payroll changes, no action required"
5069,1,"Informational auction completion notification, no action required"
5070,2,Requires scheduling a meeting soon
5071,3,Urgent need to adjust numbers to avoid penalties
5072,3,Meeting scheduled today requires immediate attention
5073,2,Request for project details requires a response but is not urgent
5074,3,Urgent meeting tomorrow requires immediate attendance
5075,1,Informational forward with no required action
5076,2,Requires response to coordinate upcoming presentation
5079,1,"Informational event announcement, no action required"
5080,1,Personal supportive message with no required action
5081,1,"Spam phishing email, no action needed"
5082,1,Informational forwarded email with no action required
5083,1,"Informational content, no action required"
5084,2,Requires scheduling a meeting but no urgent deadline
5087,1,Promotional content with no action required
5088,1,Informational announcement with no required action
5090,1,Informational note with no required action
5091,1,Informational newsletter with no required action
5093,2,Follow-up discussion requires a response but is not urgent
5095,2,Requires clarification and action but not urgent
5096,1,Informational memo with no urgent action required
5099,1,Promotional newsletter with no required action
5100,2,Needs response to coordinate strategy before upcoming legislative session
5102,1,Forwarded notice without actionable request
5103,1,"FYI only, no action required"
5104,1,"Promotional event invitation, no action required"
5105,1,"Promotional conference announcement, no immediate action required"
5106,1,"No action required, just personal comment"
5107,1,Informational update with no required action
5108,2,Needs a response to confirm availability but not urgent
5109,2,Requires a friendly reply but not urgent
5110,3,Urgent meeting and visa decision required today
5112,1,Brief status update with no required action
5113,2,Needs review and response regarding cash position but no urgent deadline
5114,3,Urgent meeting needed to unblock progress
5115,1,Informational follow-up with no urgent action required
5116,1,"Informational newsletter, no action required"
5117,1,Informational forward with no required action
5118,2,Requires response for clarification but not urgent
5119,1,"No actionable request, just personal commentary"
5120,1,Casual reply with no required action
5121,2,Requires action to coordinate but no urgent deadline indicated
5122,1,"No actionable request, just a forwarded check-in"
5123,2,Confirming a meeting scheduled for tomorrow
5125,1,"Spam advertisement, no action needed"
5126,2,Request for network access and pricing requires a response but is not urgent
5127,1,FYI forward with no required action
5128,1,Informal update with no required action
5129,1,Informal message with no actionable request
5130,2,Request to revise document requires action but not urgent
5133,1,"Promotional offer, no action required"
5134,1,Informational update with no action required
5135,1,Informational update with no required action
5136,1,Informational newsletter with no required action
5137,1,"Informational newsletter, no action required"
5138,3,Urgent request to schedule a meeting for tomorrow morning
5140,2,Follow-up request for assistance on pending legislation requires a response
5142,2,"Request to remove a contact from mailing lists, requires action but not urgent"
5143,1,"Informational announcement, no action needed"
5144,1,The email is an informational newsletter with no required action
5146,1,Promotional email with no required action
5147,1,Forwarded email lacks clear request or urgency
5148,2,Requires correction of billing discrepancy and response
5151,1,Marketing reminder with no urgent action required
5152,1,"Promotional email, no urgent action required"
5154,1,Promotional content with no required action
5156,1,"Unsolicited promotional email, no action required"
5157,1,Promotional email with no required action
5159,1,"Promotional email, no action required"
5160,1,Informational newsletter with no required action
5161,1,Promotional content with no required action
5162,3,Urgent request to act before the coal group occupies the space
5163,1,"Forward contains no actionable request, likely informational"
5164,1,"Spam advertisement, no action required"
5165,1,Informational FYI with no required action
5166,2,Solicitation requires a response but no immediate deadline indicated
5167,1,It's an informational newsletter with no actionable request
5169,1,Informational newsletter with no required action
5171,1,Informational meeting notice with no required response
5172,1,Informational newsletter with no required action
5174,2,Need to coordinate comments due Friday
5175,2,Internal memo requesting cost-saving actions
5177,1,Informational event invitation with no urgent action required
5178,1,"Informational email, no action needed"
5180,2,Requires response to address access request
5181,1,"Informational news summary, no action required"
5182,1,"Informational list of articles, no action required"
5183,2,"Friendly check-in, no urgent action required"
5184,1,"Promotional event invitation, no immediate action required"
5185,3,Urgent request to schedule a meeting by Monday
5186,1,Informational email with no clear action required
5187,2,Request for fax and review requires a response but is not urgent
5188,2,"Casual request for feedback, not time-sensitive"
5189,1,Informational content with no required action
5190,2,Needs response to confirm schedule and discuss advisor involvement
5191,1,"Informational about upcoming workshop, no immediate action required"
5192,1,"News summary, no action required"
5193,1,Informational content with no required action
5194,1,"Promotional event notice, no action required"
5195,1,"Informational portfolio report, no action required"
5197,1,Informational update with no immediate action required
5198,3,Requires immediate confirmation to settle today
5199,1,Informational article with no required action
5200,1,Informational newsletter with no required action
5201,2,"Contains a request for handling a share sale, requiring a response but not urgent"
5202,2,Needs clarification but not urgent
5203,2,Request to finalize collections requires a response but is not urgent
5204,1,Informational announcement with no required action
5205,1,It's a joke with no required action
5207,3,Potential malware threat requires immediate action
5208,1,"Spam solicitation, no action needed"
5209,1,"Informational news alert, no action required"
5212,1,Informational update with no required action
5213,2,The sender asks a clarification question that needs a response but is not urgent
5214,1,Informational announcement with no immediate action required
5215,2,Urgent financial update requires attention but no immediate deadline
5217,3,Urgent conference call scheduled requires immediate attention
5218,1,"Informational news broadcast, no action required"
5219,2,Technical issue requires a response but not urgent
5220,1,Promotional spam with no actionable request
5221,1,Informational update with no immediate action required
5222,1,"Unsolicited promotional email, no action required"
5223,1,Promotional reminder with no urgent action required
5224,1,"Promotional newsletter, no action required"
5226,1,"Promotional spam, no action required"
5227,1,"Unsolicited spam with malicious links, no action needed"
5228,1,Informational email with no clear action required
5229,1,Promotional solicitation with no urgent action required
5230,1,"Just a forwarded joke, no action needed"
5231,1,"Informational monthly update, no action required"
5232,1,"FYI only, no action required"
5234,3,Urgent request for missing files needed by tomorrow
5235,1,Birthday greeting with no required action
5236,2,Requires review and response regarding requested material
5237,1,Promotional update with no required action
5238,1,"No actionable request, appears informational"
5239,2,Requires a response regarding contractor meeting but not urgent
5240,1,Informational forward with no clear request
5241,3,Urgent meeting scheduled for tomorrow requiring attendance
5242,1,"Informational newsletter, no action required"
5245,1,"Promotional event invitation, no urgent action required"
5246,1,"Congratulatory note, no action required"
5248,1,Informational update with no required action
5249,1,Informational FYI with no required action
5250,1,Informational event invitation with no urgent action required
5251,1,Informal chat with no actionable request
5252,2,"Needs review of proposed agreement, not urgent"
5253,1,Email contains no actionable request and appears to be spam
5254,1,Forwarded informational email with no clear action required
5255,2,Provides attendance estimate requiring a response
5256,2,"Request to register for conference, needs response but not urgent"
5257,2,Needs a response to schedule a meeting
5258,1,Email provides informational news summary with no required action
5260,1,"Informational order confirmation, no action required"
5261,2,"Request for information about potential membership interest, not urgent"
5262,1,"FYI about rumors, no action required"
5263,1,Informational newsletter with no required action
5266,1,Promotional email with no required action
5267,1,Informational announcement with no required action
5268,2,Request requires response and action but no immediate deadline
5269,1,"Promotional announcement, no action required"
5270,1,"Provides address information only, no action required"
5271,1,Forwarded chain with no clear action required
5272,1,"Promotional email, no urgent action required"
5273,2,Requires coordination and response but not urgent
5274,1,Vague message with no clear action required
5275,1,Informational FYI with no required action
5276,1,"Promotional fare alert, no immediate action required"
5277,1,Duplicate notification with no required action
5278,2,Meeting time confirmation requires a response but is not urgent
5279,2,Sender requests confirmation of receipt and assistance with a technical issue
5281,2,Requires a response but no urgent deadline indicated
5282,3,Needs timely confirmation for Friday event
5283,2,Requires a response but no immediate deadline
5284,2,Pricing discrepancy requires a response but is not urgent
5286,1,Informational announcement about enrollment start date
5287,2,"Suggestion for a video slideshow, requires response but not urgent"
5289,1,Informational update with no action required
5290,3,Urgent coordination needed for upcoming testimony this week
5291,2,Requires a response to clarify payment entitlement
5292,1,Promotional content with no required action
5293,1,"Promotional spam, no action required"
5294,1,Personal update with no required action
5295,1,"Minor correction, no action required"
5296,1,"Informational notice about pay advice, no action required"
5297,1,"Provides login details only, no action required"
5298,1,It's a notification about a possible missed email with no urgent action required
5299,1,"Old bid solicitation notice, informational only"
5300,1,"Promotional conference invitation, no immediate action required"
5301,1,Informational notice with no required action
5302,1,Confirmation message with no required action
5304,3,Urgent legal matter requiring immediate attention
5305,1,Informational invitation with no required response
5306,1,"Provides requested information, no action required"
5307,1,Informational notice about unavailable specials
5308,2,Requires a response and a phone call to arrange signing
5309,1,Promotional content with no required action
5310,1,Informational announcement about payables restructuring
5311,1,"Promotional spam, no action required"
5312,1,"Informational announcement, no action required"
5313,1,Announcement of portal launch with no required action
5314,1,Provides data with no required action
5315,1,Informational update with no required action
5316,1,Promotional content with no actionable request
5317,2,Complaint requires a response but is not urgent
5318,1,"Automated fantasy football report, no action required"
5320,2,Requires coordination but not urgent
5321,1,Informational event invitation with no urgent action required
5322,1,"Informational article, no action required"
5323,3,Schedule download failed requiring immediate manual intervention
5325,1,Informal personal message with no actionable request
5326,1,Informational forward with no required action
5328,1,Informational email with no clear action required
5329,1,"Promotional content, no action required"
5330,1,Provides informational details about a student with no required action
5331,1,"Informational newsletter, no action required"
5332,3,Urgent reputational issue requiring immediate response
5333,1,"Informational announcement, no action required"
5334,1,"Spam advertisement, no action required"
5335,1,Bounce notification is informational and requires no immediate action
5336,1,Promotional spam with no required action
5337,1,Promotional spam with no required action
5338,1,Forwarded informational email with no actionable request
5339,3,Urgent meeting tomorrow requires immediate attention
5340,1,Promotional spam with no required action
5341,2,Needs clarification response about pool inclusion
5342,1,Forwarded informational email with no action required
5343,1,Informational update with no required action
5344,2,Needs response to coordinate signature logistics
5345,2,"Request to study code and schedule a discussion, not urgent"
5346,1,"Automated fantasy football report, no action required"
5347,3,Urgent request concerning tonight's prayer ministry
5348,2,Requires a response but not urgent
5349,1,"FYI only, no action required"
5350,1,Informational FYI with no required action
5352,1,"Informational content, no action required"
5353,1,"Unsolicited promotional spam, no action required"
5354,1,Promotional email with no required action
5355,1,Informational promotional email with no required action
5356,2,Invitation requires a response but is not urgent
5357,1,Apology with no required action
5358,1,Informational newsletter with no required action
5360,2,The email asks a non‑urgent question that requires a response
5362,1,"Informational about past training, no action required"
5363,2,Request for information requiring a response but not urgent
5364,2,Request to schedule a call within the next few days
5365,1,"Promotional event announcement, no action required"
5366,1,Email contains only forwarded header with no actionable request
5367,2,Feedback on book preface requiring response but not urgent
5368,1,Promotional email with no required action
5369,3,"Schedule download failed and locked, needs immediate manual intervention"
5370,1,"Spam marketing email, no action required"
5371,2,"Recipient requests a resend, requiring a response but not urgent"
5374,3,Urgent stop payment request requires immediate attention
5375,1,"Informational news about Enron lawsuits, no action required"
5376,2,Requires a response but not urgent
5377,2,Reservation issue requires a response but is not urgent
5379,2,Request asks for a response but no urgent deadline
5381,1,Promotional email with no required action
5382,3,Subject indicates urgent request for advice
5383,1,Informational update with no required action
5385,2,"Needs clarification on test results and decision, requires a response"
5386,1,Informational announcement with no required action
5387,1,"Informational news update, no action required"
5388,1,Informational report with no required action
5390,2,Request requires coordination but is not urgent
5391,2,Needs response to address draft comments
5392,2,Internal policy discussion requiring response but not urgent
5393,1,"Friendly greeting, no action required"
5394,1,"Unsolicited promotional spam, no action required"
5395,3,Urgent request for clarification needed immediately
5396,1,"Promotional content, no action required"
5397,2,Contains a question needing a response but not urgent
5398,2,"Request for quotes, requires a response but not urgent"
5399,1,"Promotional spam email, no action required"
5400,1,"Promotional email, no action required"
5402,1,Informational content with no required action
5403,1,"Automated fantasy football report, no action required"
5404,1,No clear actionable request or urgency
5405,3,Needs quick answer to send summary to traders today
5406,1,"Informational news article, no action required"
5407,2,"Needs clarification and meeting scheduling, not urgent"
5408,1,"Spam advertisement, no action required"
5409,1,"Informational announcement, no action required"
5410,2,Requires clarification on billing but not urgent
5411,3,Urgent request for confirmation to release held trades
5412,1,"Informational about a dinner event, no action required"
5413,1,Informational forward with no action required
5414,2,Request for contract renewal requires a response
5415,1,Forwarded informational email with no action required
5416,1,"Informational news links, no action required"
5417,2,Informational upgrade notice with upcoming deadlines requiring attention
5418,1,"No actionable request, just personal expression"
5419,2,Suggests a meeting opportunity that requires a response
5420,3,Contains a potential threat indicating urgent attention needed
5421,2,Needs clarification on upcoming costs before closing
5422,1,"Informational news article, no action required"
5423,1,Suspicious spam with no actionable content
5424,1,Informational update with no required action
5425,1,It's a promotional newsletter with no required action
5426,1,"Informational newsletter, no action required"
5427,1,"No clear request, just a casual comment"
5428,1,Promotional spam with no required action
5429,3,Schedule download failed and requires immediate manual intervention
5430,2,Requires response to address cost and double counting concerns
5432,2,"Request for information, not urgent"
5433,1,"Meeting reminder, no immediate action required"
5434,1,It's just a product announcement with no actionable request
5435,2,Follow-up on unresolved issues requires a response but is not urgent
5436,1,"Promotional spam, no action required"
5437,3,Needs discussion in this morning's conference call
5438,2,"User requests to be removed from list, needs a response but not urgent"
5439,1,"No actionable content, appears to be spam"
5440,1,Informational email with no required action
5441,2,Requires a response to decide meeting schedule
5442,3,Urgent meeting request scheduled for tomorrow
5444,1,Informational email with no action required
5445,3,Contains deadlines requiring prompt action
5446,1,Informational update with no required action
5447,1,"No clear actionable request, just informal inquiry"
5448,1,Simple acknowledgment with no required action
5449,1,"Informational thank-you email, no action required"
5453,2,Requires forwarding to a specific person but no urgent deadline
5454,2,"Request to review attached newsletter, not urgent"
5456,2,Requires clarification and response but not urgent
5458,2,Invitation requires timely reservation
5459,1,General inquiry about Linux without urgent deadline
5460,1,"Thank you note, no action required"
5462,1,No urgent request or action needed
5464,3,"Requires comments by COB tomorrow, making it urgent"
5465,1,Simple thank-you note with no required action
5466,1,The email is only a forwarded recommendation with no actionable request
5467,3,Deposition schedule requires immediate attention
5468,2,Request for coordination requires a response but has no urgent deadline
5471,1,Invitation with no urgent action required
5472,1,"Informational maintenance notice, no action required"
5473,2,"Friendly catch-up, no urgent request"
5474,2,"Needs a response to coordinate a meeting, but not urgent"
5476,1,Informational newsletter with no required action
5477,2,Schedule change requires response but is not urgent
5478,3,Urgent request for immediate payment
5479,1,"Spam solicitation, no action needed"
5480,1,Informational reply with no urgent action required
5481,1,Informational event announcement with no required action
5482,1,Promotional fare alert with no urgent action required
5483,2,Requires review and response but no immediate deadline
5484,2,Request for performance feedback requires a response but is not urgent
5485,1,"Informational announcement about team building, no action required"
5486,1,Promotional newsletter with no actionable request
5487,1,Informational FYI with no immediate action required
5489,1,"FYI only, no action required"
5491,2,Invitation requires RSVP but is not time-sensitive
5492,1,Informational notice about password policy with no urgent action needed
5494,2,Requires clarification and response but not urgent
5495,1,Email is a forwarded chain with no actionable request
5496,1,Promotional email with no required action
5497,2,Needs response soon to coordinate event logistics
5498,1,Informational forwarded email with no actionable request
5499,2,Requires response to activate quote but not urgent
5500,1,The email is an FYI forward with no clear action required
5501,1,"Promotional email, no action required"
5502,2,Needs response to confirm meeting attendance
5503,1,"No actionable request, just informational content"
5504,1,"Promotional event from 2002, no action required"
5505,1,Informational about upcoming events with no urgent action needed
5506,2,"Request for discussion to improve research, not urgent"
5507,1,News update with no required action
5508,1,Informational news with no required action
5509,1,Promotional email with no required action
5510,1,"Informational email with news snippets, no action required"
5511,1,Promotional content with no required action
5513,2,Invitation to training requires RSVP but not urgent
5514,3,Urgent request to discuss same-day after meeting
5515,1,The email is a forwarded chain with no clear request or urgency
5516,1,"Informational forward, no action required"
5519,1,Informational email about TECO conversion with no required action
5520,1,Email is an informational event announcement with no required action
5521,1,"Promotional email, no action required"
5522,1,Informational update with no required action
5523,3,Urgent schedule issue due to Oracle outage
5524,3,Schedule download failed requiring immediate manual intervention
5526,3,Urgent request to remove Hong Kong from list effective tonight
5527,1,Informational update with no required action
5528,2,Response needed for performance feedback
5529,1,"Spam advertisement, no action required"
5530,1,Promotional content with no actionable request
5531,2,Rescheduling interview requires a response but is not urgent
5532,1,"Promotional email with optional voting, no urgent action required"
5533,2,Invitation requires a response but is not time-sensitive
5534,1,"Informational daily report, no action required"
5535,1,"Promotional email, no action needed"
5536,1,The email contains personal remarks with no actionable request
5537,2,Contains a payment question needing a reply
5538,2,Contains a request to respond but no urgent deadline
5541,1,"Informational update about internal issue, no action required"
5542,3,Urgent emotional request demanding immediate response
5543,1,Email contains only promotional content with no actionable request
5544,3,Subject indicates emergency requiring immediate attention
5545,1,"Forwarded email contains no clear request, informational only"
5547,3,Urgent request to contact someone before a meeting today
5548,2,"Requires a response to coordinate next steps, but not urgent"
5549,1,"Informational event announcement, no action required"
5550,3,Contains sensitive credentials requiring immediate attention
5551,1,Promotional event invitation with no urgent deadline
5552,1,"Promotional spam, no action needed"
5553,2,"Reply requested from all employees, not urgent"
5554,1,"Just a joke, no action required"
5555,1,Informational update with no required action
5556,1,Forwarded summary appears informational with no action required
5557,1,"Informational newsletter, no action required"
5558,3,Report of recent robberies requiring immediate attention
5559,1,Informational update with no required action
5560,1,Informational content with no actionable request
5561,1,Informal note with no actionable request
5562,2,Need to confirm meeting location
5563,3,Automated schedule download failed and requires immediate manual intervention
5564,2,Clarification request requires a response but is not urgent
5565,1,Promotional spam with no required action
5566,2,Needs a response to schedule the conference call
5568,1,Informational newsletter with no required action
5569,1,The email is an informational update with no required action
5571,1,Spam-like content with no actionable request
5572,1,"Informational newsletter, no action required"
5574,1,Informational update with no required action
5575,2,Requires action to pack boxes by the upcoming deadline
5576,1,Informational event invitation with no required action
5577,1,Promotional content with no required action
5578,1,Informational farewell notice with no required action
5579,1,Informational survey results with no required action
5580,1,FYI forward with no action required
5581,2,Needs clarification on contract language and possible action
5582,2,Invitation requires a response but is not time-sensitive
5583,3,Schedule download failed and requires immediate manual intervention
5584,1,Promotional email with no required action
5585,2,Casual lunch suggestion requiring a response but not urgent
5586,1,Informational email with no action required
5587,1,"Informational market update, no action needed"
5588,1,Promotional announcement with no required action
5589,1,"Promotional spam, no action required"
5590,1,Informational content with no required action
5591,1,Promotional content with no actionable request
5592,1,Forwarded informational email with no action required
5593,1,"Informational newsletter, no action required"
5596,2,Request requires action to add a box to the build route
5599,2,Needs response to address exclusion but not urgent
5600,2,Requires detailed response but not urgent
5601,1,Simple thank you note with no action required
5602,1,Informational forward with no action required
5603,1,"Promotional email, no action required"
5604,2,"Requires review of attachments and a response, but not urgent"
5605,1,"Spam giveaway notice, no action required"
5606,1,"Informational notice about holiday closure, no action required"
5607,1,Promotional email with no required action
5608,3,Urgent directive to complete tasks promptly
5609,1,Informational news snippets with no required action
5610,1,Informational FYI with no required action
5612,1,Promotional event notice with no required response
5613,1,Informational update with no required action
5614,1,Promotional solicitation with no required action
5615,1,Spam advertisement with no required action
5616,2,Request for next step in calculations requires response
5617,1,Informational update with no required action
5618,1,"Email contains news headlines only, no action required"
5619,1,"Promotional email, no action required"
5620,1,Email is a forwarded chain message with no actionable request
5621,1,Forwarded informational email with no action required
5622,2,Provides updated work tracking document requiring review
5623,1,"Positive comment, no action needed"
5624,1,Forwarded informational message with no clear request
5625,3,Urgent legal decision required for potential court action
5627,3,Requires immediate phone call today
5628,3,Incorrect schedule reported requires immediate correction to avoid operational impact
5629,2,Meeting coordination requires a response but is not urgent
5630,1,"Informational announcement, no action needed"
5631,3,"Requires comments to be sent by COB Thursday, making it time-sensitive"
5632,1,The email is a non-urgent comment with no clear action required
5634,2,Requires follow-up on missing employee feedback
5635,3,Urgent request to call SVP immediately
5636,1,"Informational weather forecast, no action required"
5637,2,Needs clarification response about claim details
5638,1,"No clear action required, just informational"
5639,1,Informational update with no required action
5640,1,"Invitation to a past event, no action required"
5641,1,"Welcome email confirming subscription, no action needed"
5643,1,"Informational email about address change, no immediate action needed"
5644,2,Requires response to discuss corporate structure recommendation
5645,1,"Event invitation, no immediate action required"
5646,2,"Request to forward information, not urgent"
5648,2,"Request for clarification, not time-sensitive"
5651,1,"Informational thank‑you, no action required"
5653,1,Forwarded friendly message with no actionable request
5654,1,"Promotional newsletter, no action required"
5655,2,Needs response to coordinate help and request expedited HSR
5656,1,"Supportive message, no urgent action required"
5657,2,Requires action to establish a new valuation entity but no urgent deadline indicated
5658,2,User asks a clarification question requiring a response
5659,1,"Informational news alert, no immediate action required"
5660,2,Requires review of attached materials but no urgent deadline
5661,2,"Request for product recommendation, not urgent"
5662,3,Urgent request for immediate availability for conference call
5663,1,It's a newsletter with no actionable request
5664,1,Informational FYI with no required action
5666,1,"Informational alert about a forum, no action required"
5668,1,Informational update with no required action
5669,1,"FYI informational email, no action required"
5670,1,"Informational market update, no action required"
5671,1,Informational update with no required action
5672,2,Needs a reply to confirm lunch plans
5673,1,FYI forward with no action required
5674,1,Harassing content with no actionable request
5675,1,"Informational list of articles, no action needed"
5676,2,"Suggests a follow‑up next week, so action is needed but not urgent"
5677,1,Email provides informational articles with no required action
5678,1,"Promotional content, no action required"
5679,2,"Needs scheduling information, requires a response but not urgent"
5680,2,"Request for payment options and pricing, requires a response but not urgent"
5681,1,"Informational event notice, no action required"
5682,1,Informational forwarded email with no action required
5683,1,"Promotional spam, no action required"
5685,2,"Requires a response to discuss pricing, but not urgent"
5686,1,"Promotional travel deal, no action required"
5688,1,It's an informational newsletter with no required action
5689,1,"Routine weekly status update, no immediate action required"
5690,1,Informational status report with no required action
5691,2,Needs clarification about regulated entities
5692,1,Email contains no actionable request or urgency
5693,1,Informational update with no required action
5694,2,Contains next steps from conference call requiring response
5695,1,Informational update with no required action
5698,1,Forwarded email contains no clear request or urgency
5699,1,"No clear actionable request, informational"
5700,2,Request for survey response needed soon but not urgent
5701,1,"No actionable request, just profanity"
5702,1,Notification of statement availability
5703,2,Needs follow-up but not urgent
5704,1,Informational update with no immediate action required
5706,1,Informational news with no required action
5707,2,"Follow-up request for information, not urgent"
5708,1,Informational memo with no action required
5709,1,Informational content with no required action
5710,1,"Promotional marketing email, no urgent action required"
5712,3,Invitation for drinks tomorrow requires immediate response
5713,2,Technical clarification needed but not urgent
5714,1,"Informational tip, no action required"
5715,1,"Informational update about deposition delay, no action required"
5716,1,Informational update with no required action
5717,1,"Informational announcement about a party, no action required"
5718,1,"Informational news summary, no action required"
5719,1,Informational email with no required action
5720,2,"Internal follow-up request, not urgent"
5721,1,"Promotional email, no action required"
5723,1,Informational email with no required action
5724,2,Request to schedule a meeting during a specific week
5725,1,Informational monthly summary with no required action
5726,1,Forwarded message contains no actionable request
5728,3,Urgent request demanding immediate action
5729,3,Urgent request to resolve issue before signing contract
5730,1,Informational notice with no required action
5731,1,Email is informational with no required action
5732,1,Promotional content with no required action
5733,1,"Birthday invitation, no urgent action required"
5734,3,SQL error and file lock require immediate resolution
5735,1,"Informational update, no action needed"
5736,1,"Spam promotional email, no action needed"
5737,1,"Promotional spam, no action required"
5738,1,"Informational thank‑you and volunteer invitation, no urgent action required"
5740,1,"Informational announcement about a future course, no action required"
5742,1,"Email provides information only, no action required"
5743,2,Requires delegation for execution before Christmas
5744,1,Informational sports update with no required action
5745,1,Email appears to be an informational forward with no clear action required
5747,1,Informational update with no required action
5748,1,"No actionable request, just informal message"
5749,1,"Informational forward, no action required"
5750,1,Promotional content with no required action
5751,1,Forwarded informational email with no clear action required
5752,1,"Promotional email, no action required"
5754,1,"Promotional content, no action required"
5755,1,Email contains gibberish and no actionable request
5756,1,Informational update with no required action
5757,2,Requires response to legal wording
5758,1,Informational upgrade notice
5759,1,"No actionable request, just a casual update"
5760,1,"Informational e-report, no action required"
5761,1,Informational newsletter with no required action
5762,1,"Informational newsletter, no action required"
5763,2,Needs response to arrange meeting
5764,2,"Requires a response to confirm receipt of comments, but not urgent"
5765,2,Needs a response before upcoming transaction but not urgent
5766,2,Follow-up email needs a response but is not urgent
5767,2,User must complete a survey but it is not urgent
5768,1,"Promotional travel deal email, no action required"
5769,1,Informational content with no actionable request
5770,1,"Informational market summary, no action required"
5771,2,Request for drafting status requires a response but is not urgent
5772,3,Urgent issue affecting daily updates and trading floor operations
5773,2,Requires clarification on payment entitlement and administrative priority
5774,1,Informational content with no actionable request
5775,1,"Informational newsletter, no action required"
5776,1,Informational announcement about an upcoming presentation
5777,1,"Promotional event announcement, no action needed"
5778,2,Meeting invitation that may require RSVP
5779,1,Informational note with no action required
5781,1,Informational newsletter with no required action
5782,1,Informational friendly note with no required action
5783,1,Promotional email with no required action
5784,2,Draft decision likely requires review and response but not urgent
5785,3,Schedule download failed and requires immediate manual intervention
5786,2,Request asks for a response but lacks urgent deadline
5787,1,The email only corrects a date and requires no immediate action
5788,1,Spam/phishing content with no required action
5789,1,Informational email with no clear action required
5791,1,"FYI only, no action required"
5792,1,Informational FYI with no required action
5793,1,"Informational market update, no action required"
5794,1,Email contains only forwarded information with no clear action required
5796,2,Assignment requires action before its due date
5797,1,"Informational news summary, no action required"
5798,1,The email expresses sympathy and personal thoughts without requiring action
5799,1,Informational warning with no required action
5800,2,Needs company decision but not urgent
5801,1,Informational party invitation with no urgent action required
5802,1,"Promotional recipe email, no action required"
5803,3,Urgent action required due to imminent vote and risk of asset seizure
5804,1,Informational update with no action required
5806,1,"Informational article, no action required"
5807,1,Informational email with no required action
5809,2,Request to adjust team numbers requires a response but has no urgent deadline
5810,2,Needs acknowledgment of the sent items and trip discussion
5811,1,Forwarded informal message with no actionable request
5812,2,Invitation requires RSVP but not urgent
5813,1,Informational offer with no urgent action required
5814,1,"Spam promotional content, no action required"
5817,3,"Press conference is today, requiring immediate attention"
5818,1,Informational update with no immediate action required
5819,1,"Informational announcement, no action required"
5820,1,Informational update with no action required
5821,1,"Informational news update, no action required"
5822,1,Forwarded message appears to be spam with no actionable request
5823,2,Suggestion to arrange a speaker requires a response but is not urgent
5824,1,"Informational newsletter, no action needed"
5825,1,Promotional email with no required action
5826,1,"Spam advertisement, no action needed"
5828,1,Spam advertisement with no required action
5829,3,"Contest deadline is today, requiring immediate action"
5830,1,Informal forward with no required action
5831,1,Email contains only forwarded headers with no actionable request
5832,2,Request for invoice copies and clarification needs a response but is not urgent
5833,1,Promotional spam with no required action
5834,1,Informational newsletter with no required action
5835,1,Informational update with no required action
5836,1,Political spam with no urgent action needed
5838,1,The email is an informational update with no required action
5839,1,Promotional email with no urgent action required
5840,1,"No actionable content, just a forwarded poem"
5841,1,The email is a forwarded message with no clear request or action required
5842,2,"Request for class interest, not time-sensitive"
5844,1,Email is just forwarded information with no clear request
5845,1,Promotional fare alert with no urgent action required
5846,1,"Promotional spam, no action required"
5847,2,Needs response to coordinate equipment and route planning
5848,1,Informational announcement with no required action
5849,1,Informational email with no clear action required
5850,1,"Spam promotional email, no action required"
5851,2,"Confirms scheduling, needs a response but not urgent"
5852,1,Informational news alert with no required action
5853,1,"Decline notice, no action required"
5854,1,Email appears to be informational with no urgent request
5855,2,Requires response but not urgent
5856,2,Request to discontinue program requires a response but is not urgent
5857,1,"Informational marketing email, no action required"
5858,1,Informational market update with no required action
5859,2,Needs response to coordinate trial call
5860,2,Request for credit decision information requiring a response
5862,1,"Promotional spam, no action required"
5864,2,Needs response to volunteer request
5866,1,"Informational announcement, no action required"
5868,1,Informational notice about holiday trading terms
